,concept_1,concept_2,colexification_count,age_acquisition_diff
0,ADULTERY,DECEIT,1,64.0
1,ADULTERY,WALK,1,377.0
2,AFTERNOON,AUTUMN,1,3.0
3,AFTERNOON,COLD,1,98.0
4,AFTERNOON,EVENING,17,22.0
5,AFTERNOON,LOOK,1,56.0
6,AFTERNOON,LUNCH,2,6.0
7,AFTERNOON,NIGHT,3,59.0
8,AFTERNOON,PIG,2,48.0
9,AFTERNOON,SUN,2,100.0
10,AFTERNOON,WEST,2,61.0
11,AGE,ANSWER,1,36.0
12,AGE,BIRD,1,52.0
13,AGE,BITE,2,44.0
14,AGE,BLOOD,3,5.0
15,AGE,BOWL (CLASSIFIER),1,2.0
16,AGE,CIRCLE,1,44.0
17,AGE,FACE,1,92.0
18,AGE,FIGHT,1,3.0
19,AGE,FIND,1,14.0
20,AGE,GRANDFATHER,1,44.0
21,AGE,GRANDMOTHER,1,50.0
22,AGE,HEAD,1,77.0
23,AGE,HEAVEN,1,14.0
24,AGE,HEN,1,39.0
25,AGE,MEASURE,1,86.0
26,AGE,SAND,1,41.0
27,AGE,SCRATCH,1,11.0
28,AGE,SEASON,12,70.0
29,AGE,SONG,1,16.0
30,AGE,STRAIN,2,164.0
31,AGE,SUMMER,5,5.0
32,AGE,SWIM,1,2.0
33,AGE,TEAR (OF EYE),3,6.0
34,AGE,TIDE,1,73.0
35,AGE,WEATHER,3,34.0
36,AGE,WINTER,1,22.0
37,AGE,WOUND,1,114.0
38,AGE,YEAR,90,11.0
39,ANIMAL,BIRD,15,16.0
40,ANIMAL,BLOOD,1,31.0
41,ANIMAL,BOOT,1,29.0
42,ANIMAL,BURN,2,5.0
43,ANIMAL,BUTTER,1,16.0
44,ANIMAL,CART,1,36.0
45,ANIMAL,CATTLE,33,39.0
46,ANIMAL,DEER,19,59.0
47,ANIMAL,DOG,1,53.0
48,ANIMAL,DOOR,2,8.0
49,ANIMAL,EYE,1,55.0
50,ANIMAL,FAT (ORGANIC SUBSTANCE),1,14.0
51,ANIMAL,FINISH,1,78.0
52,ANIMAL,FLESH,7,189.0
53,ANIMAL,HONEY,1,64.0
54,ANIMAL,INSECT,7,61.0
55,ANIMAL,MALE (OF ANIMAL),1,161.0
56,ANIMAL,MALE (OF PERSON),1,161.0
57,ANIMAL,MONEY,1,25.0
58,ANIMAL,PIG,1,11.0
59,ANIMAL,PRISONER,1,139.0
60,ANIMAL,SERVANT,1,184.0
61,ANIMAL,SLAVE,1,164.0
62,ANIMAL,SNAKE,2,67.0
63,ANIMAL,SOLDIER,1,53.0
64,ANIMAL,WOOL,2,25.0
65,ANIMAL,WORM,1,31.0
66,ANKLE,BEAM,1,130.0
67,ANKLE,BUTTER,1,58.0
68,ANKLE,ELBOW,2,27.0
69,ANKLE,KNEE,3,33.0
70,ANKLE,THROW,1,0.0
71,ANKLE,WAIST,1,61.0
72,ANSWER,BITE,1,80.0
73,ANSWER,BOAST,1,84.0
74,ANSWER,CALL,1,69.0
75,ANSWER,CLOSE (EYES),1,11.0
76,ANSWER,COVER,1,5.0
77,ANSWER,DYE,1,98.0
78,ANSWER,EMBRACE,1,198.0
79,ANSWER,EYE,1,127.0
80,ANSWER,FAT (OBESE),1,58.0
81,ANSWER,FIGHT,1,33.0
82,ANSWER,GROAN,2,48.0
83,ANSWER,HELP,1,72.0
84,ANSWER,HIDE (CONCEAL),2,38.0
85,ANSWER,HOLD,2,27.0
86,ANSWER,INCREASE,1,125.0
87,ANSWER,JUMP,1,72.0
88,ANSWER,LIFT,2,17.0
89,ANSWER,LIVER,2,59.0
90,ANSWER,LOCK,1,34.0
91,ANSWER,LOOK,1,69.0
92,ANSWER,MEASURE,1,50.0
93,ANSWER,OMEN,1,264.0
94,ANSWER,POUND,1,14.0
95,ANSWER,PRISONER,1,67.0
96,ANSWER,PUNISHMENT,1,48.0
97,ANSWER,REFUSE,1,100.0
98,ANSWER,REPAIR,1,81.0
99,ANSWER,RING,1,86.0
100,ANSWER,SAP,1,170.0
101,ANSWER,SCRATCH,1,25.0
102,ANSWER,SHIVER,1,14.0
103,ANSWER,SLAVE,1,92.0
104,ANSWER,SMOKE (INHALE),1,66.0
105,ANSWER,SPEECH,1,75.0
106,ANSWER,SPLIT,1,87.0
107,ANSWER,STRAIN,1,128.0
108,ANSWER,SWEEP,1,13.0
109,ANSWER,SWELL,1,134.0
110,ANSWER,THROW,1,30.0
111,ANSWER,TOBACCO,1,72.0
112,ANSWER,TOWER,1,59.0
113,ANSWER,TRY,1,65.0
114,ANSWER,TURN,3,61.0
115,ANSWER,TURN (SOMETHING),1,61.0
116,ANSWER,WALK,1,88.0
117,ANSWER,WASH,1,108.0
118,ANSWER,YEAR,3,25.0
119,APPLE,BERRY,1,78.0
120,APPLE,CATTLE,1,50.0
121,APPLE,FRUIT,2,8.0
122,APPLE,MAST,1,181.0
123,APPLE,NIGHT,1,11.0
124,APPLE,WASH,1,25.0
125,APPROACH,DEW,1,113.0
126,APPROACH,HATE,1,166.0
127,APPROACH,HOLD,1,177.0
128,APPROACH,LEAD (GUIDE),1,44.0
129,APPROACH,NEIGHBOUR,1,121.0
130,APPROACH,PASTURE,1,58.0
131,APPROACH,PLAIN,1,83.0
132,APPROACH,SPLIT,1,63.0
133,APPROACH,TOUCH,1,175.0
134,APPROACH,TURN,1,211.0
135,ARCH,BACK,1,142.0
136,ARCH,BOW,28,96.0
137,ARCH,CIRCLE,3,153.0
138,ARCH,DITCH,1,75.0
139,ARCH,PRISONER,1,6.0
140,ARM,AXE,1,119.0
141,ARM,BACK,1,33.0
142,ARM,BIRD,1,14.0
143,ARM,BRANCH,5,111.0
144,ARM,BUD,1,139.0
145,ARM,BUNCH,1,125.0
146,ARM,BURN (SOMETHING),2,25.0
147,ARM,BUSH,1,64.0
148,ARM,CLAY,1,166.0
149,ARM,DRINK,1,19.0
150,ARM,EARTH (SOIL),1,125.0
151,ARM,EDGE,1,116.0
152,ARM,ELBOW,6,45.0
153,ARM,ENVY,1,239.0
154,ARM,FOREST,1,105.0
155,ARM,GUN,1,36.0
156,ARM,HEAD,1,11.0
157,ARM,HOLD,2,75.0
158,ARM,LAND,2,94.0
159,ARM,MOUNTAIN,1,91.0
160,ARM,NAIL (TOOL),1,80.0
161,ARM,NIGHT,3,30.0
162,ARM,PILLOW,1,25.0
163,ARM,POST,1,114.0
164,ARM,RAIN (PRECIPITATION),1,19.0
165,ARM,ROOM,2,52.0
166,ARM,ROPE,1,89.0
167,ARM,SHOULDER,8,72.0
168,ARM,SLAVE,2,194.0
169,ARM,STRENGTH,1,133.0
170,ARM,SWEEP,1,89.0
171,ARM,VALLEY,6,147.0
172,ARM,WASH,2,6.0
173,ARM,WEST,1,150.0
174,ARM,WOMAN,1,66.0
175,ARMOUR,CAR,1,203.0
176,ARMOUR,CLOTHES,1,206.0
177,ARMOUR,HAMMER,1,122.0
178,ARMOUR,IRON,1,119.0
179,ARMOUR,ISLAND,2,111.0
180,ARMOUR,LOCK,1,72.0
181,ARMOUR,OVEN,1,164.0
182,ARMOUR,SHIELD,6,50.0
183,ARMOUR,TOOL,2,100.0
184,ARMOUR,VOICE,1,125.0
185,ARMY,BRICK,1,56.0
186,ARMY,COUNTRY,1,12.0
187,ARMY,DOOR,1,103.0
188,ARMY,EARTH (SOIL),1,0.0
189,ARMY,ENEMY,1,50.0
190,ARMY,FIGHT,1,56.0
191,ARMY,GUARD,3,27.0
192,ARMY,HEAVEN,2,45.0
193,ARMY,LOVE,1,14.0
194,ARMY,MOTHER,1,173.0
195,ARMY,NIGHT,1,95.0
196,ARMY,PEOPLE,1,36.0
197,ARMY,SLAVE,1,69.0
198,ARMY,SOLDIER,43,42.0
199,ARMY,WAR,1,3.0
200,ARMY,WHEAT,1,69.0
201,ARMY,WOOD,1,48.0
202,ASH,BITE,1,129.0
203,ASH,BOW,2,72.0
204,ASH,BURN,1,126.0
205,ASH,BURN (SOMETHING),1,126.0
206,ASH,COTTON,1,37.0
207,ASH,COVER,1,54.0
208,ASH,DOG,2,174.0
209,ASH,DOOR,2,129.0
210,ASH,EARTH (SOIL),9,26.0
211,ASH,FAMILY,1,63.0
212,ASH,FIGHT,1,82.0
213,ASH,FINISH,1,43.0
214,ASH,FRUIT,1,124.0
215,ASH,GREEN,1,118.0
216,ASH,GROUND,1,85.0
217,ASH,ISLAND,1,54.0
218,ASH,LAND,1,57.0
219,ASH,LIME (FRUIT),2,35.0
220,ASH,LIME (MATERIAL),2,35.0
221,ASH,LOOK,1,118.0
222,ASH,MOTHER,1,199.0
223,ASH,NEEDLE (FOR SEWING),1,79.0
224,ASH,OVEN,5,107.0
225,ASH,RAIN (PRECIPITATION),1,132.0
226,ASH,SAND,3,126.0
227,ASH,SERVANT,1,63.0
228,ASH,SHAME,3,24.0
229,ASH,SLAVE,4,43.0
230,ASH,SMOKE (EXHAUST),4,115.0
231,ASH,SNAKE,3,54.0
232,ASH,STOVE,1,46.0
233,ASH,SUN,2,162.0
234,ASH,THROW,2,79.0
235,ASH,WOMAN,1,85.0
236,ASH,WORM,3,90.0
237,ASH,YEAR,1,74.0
238,AUNT,BROTHER,3,14.0
239,AUNT,COUSIN,8,45.0
240,AUNT,FACE,1,67.0
241,AUNT,FOREST,1,64.0
242,AUNT,GRANDMOTHER,9,25.0
243,AUNT,HEAD,1,52.0
244,AUNT,HORN (ANATOMY),1,75.0
245,AUNT,INTENTION,1,248.0
246,AUNT,LOVE,1,70.0
247,AUNT,MOTHER,13,89.0
248,AUNT,SEASON,1,95.0
249,AUNT,SMOKE (EXHAUST),1,5.0
250,AUNT,TENT,1,50.0
251,AUNT,THROW,1,31.0
252,AUNT,UNCLE,24,41.0
253,AUNT,WALK,1,27.0
254,AUNT,WOMAN,1,25.0
255,AUTUMN,CATTLE,3,17.0
256,AUTUMN,CHICKEN,4,28.0
257,AUTUMN,FAT (ORGANIC SUBSTANCE),1,42.0
258,AUTUMN,GUN,1,50.0
259,AUTUMN,HARVEST,6,44.0
260,AUTUMN,HATE,2,0.0
261,AUTUMN,SUMMER,6,25.0
262,AUTUMN,WINTER,13,42.0
263,AUTUMN,WOMAN,1,20.0
264,AUTUMN,YEAR,6,9.0
265,AXE,BILL,1,95.0
266,AXE,BURN (SOMETHING),1,94.0
267,AXE,CHOP,3,6.0
268,AXE,CHOP (INTO PIECES),1,6.0
269,AXE,CURE,1,39.0
270,AXE,DARKNESS,1,69.0
271,AXE,EDGE,1,3.0
272,AXE,EYE,1,144.0
273,AXE,FACE,2,145.0
274,AXE,FLESH,1,100.0
275,AXE,FROG,1,53.0
276,AXE,FROST,1,47.0
277,AXE,GRAPE,2,14.0
278,AXE,HAMMER,3,33.0
279,AXE,HEAD,2,130.0
280,AXE,HEART,1,30.0
281,AXE,IRON,4,30.0
282,AXE,NIGHT,1,89.0
283,AXE,OX,1,18.0
284,AXE,PIG,2,78.0
285,AXE,POND,1,72.0
286,AXE,POT,1,94.0
287,AXE,POUND,2,3.0
288,AXE,SAW,15,42.0
289,AXE,SWORD,4,31.0
290,AXE,WORM,1,58.0
291,AXE (CLASSIFIER),CHICKEN (CLASSIFIER),1,61.0
292,BACK,BITE,1,11.0
293,BACK,BODY,1,42.0
294,BACK,BUNCH,1,92.0
295,BACK,CIRCLE,1,11.0
296,BACK,CLOTHES,1,31.0
297,BACK,ELBOW,1,12.0
298,BACK,HEAD,1,44.0
299,BACK,HEART,1,56.0
300,BACK,HILL,2,31.0
301,BACK,KNEE,2,6.0
302,BACK,LIVER,1,128.0
303,BACK,MOTHER,3,81.0
304,BACK,NOSE,1,19.0
305,BACK,RAIN (RAINING),1,14.0
306,BACK,ROPE,1,56.0
307,BACK,SAND,1,8.0
308,BACK,SHOULDER,10,39.0
309,BACK,SMOKE (EXHAUST),1,3.0
310,BACK,TOE,1,31.0
311,BACK,TURN,1,8.0
312,BACK,WAIST,13,100.0
313,BACK,WHEAT,1,161.0
314,BAG,NOSE,1,11.0
315,BAG,PEOPLE,1,64.0
316,BALL,BOUNDARY,1,322.0
317,BALL,BRIDGE,2,139.0
318,BALL,CIRCLE,17,64.0
319,BALL,EARTH (SOIL),1,167.0
320,BALL,EYE,1,17.0
321,BALL,FRUIT,2,69.0
322,BALL,HAMMER,1,128.0
323,BALL,LEAD (CHEMICAL ELEMENT),1,250.0
324,BALL,LINE,1,125.0
325,BALL,PLACE (POSITION),1,119.0
326,BALL,ROPE,1,131.0
327,BALL,SWALLOW,1,158.0
328,BALL,THROW,1,114.0
329,BALL,WINDOW,1,81.0
330,BALL,WORM,1,103.0
331,BAY,BERRY,1,47.0
332,BAY,BLAME,1,8.0
333,BAY,DITCH,1,44.0
334,BAY,EDGE,1,28.0
335,BAY,ELBOW,1,99.0
336,BAY,GRAPE,1,39.0
337,BAY,ISLAND,2,47.0
338,BAY,LOVE,1,33.0
339,BAY,OCEAN,1,19.0
340,BAY,PORT,5,36.0
341,BAY,SWELL,3,92.0
342,BAY,VALLEY,1,3.0
343,BAY,VILLAGE,1,19.0
344,BAY,WOOD,1,67.0
345,BEAM,BOW,1,123.0
346,BEAM,BRIDGE,2,105.0
347,BEAM,COLD,2,211.0
348,BEAM,COLD (OF WEATHER),1,211.0
349,BEAM,DOOR,1,180.0
350,BEAM,FIREWOOD,1,63.0
351,BEAM,GRANDFATHER,1,180.0
352,BEAM,GRANDMOTHER,1,186.0
353,BEAM,INSECT,1,111.0
354,BEAM,JUMP,1,172.0
355,BEAM,LATCH,1,8.0
356,BEAM,MEASURE,3,50.0
357,BEAM,PILLOW,1,177.0
358,BEAM,POST,10,88.0
359,BEAM,SQUARE,1,144.0
360,BEAM,STABLE,1,102.0
361,BEAM,TEAR (SHRED),1,130.0
362,BEAM,VICTORY,1,17.0
363,BEAM,WILLOW,1,8.0
364,BEAM,WOOD,7,125.0
365,BEAM,WORM,1,141.0
366,BED,BIRD,1,37.0
367,BED,BLANKET,2,42.0
368,BED,BOWL,1,87.0
369,BED,BRAIN,2,178.0
370,BED,BRIDGE,9,120.0
371,BED,CHEEK,1,98.0
372,BED,COPPER,1,259.0
373,BED,DOG,1,0.0
374,BED,EGG,1,17.0
375,BED,HIDE,3,87.0
376,BED,HIDE (CONCEAL),2,87.0
377,BED,IRON,1,112.0
378,BED,ISLAND,1,120.0
379,BED,KNEE,1,62.0
380,BED,MOUSE,1,73.0
381,BED,PLACE (POSITION),4,100.0
382,BED,RUG,1,64.0
383,BED,SALT,1,64.0
384,BED,SCHOOL,1,59.0
385,BED,SCRATCH,1,100.0
386,BED,VILLAGE,1,148.0
387,BED,WALK,1,37.0
388,BED,WOUND,1,203.0
389,BEEHIVE,CANOE,1,50.0
390,BEEHIVE,DOOR,1,130.0
391,BEEHIVE,FAT (ORGANIC SUBSTANCE),1,108.0
392,BEEHIVE,HONEY,3,58.0
393,BEEHIVE,OIL (ORGANIC SUBSTANCE),1,41.0
394,BEEHIVE,PRISONER,1,17.0
395,BEEHIVE,SAP,1,120.0
396,BEGGAR,RUG,1,131.0
397,BEGINNING,CAUSE,3,97.0
398,BERRY,GRAPE,6,8.0
399,BEVERAGE,COVER,1,78.0
400,BEVERAGE,DRINK,10,0.0
401,BEVERAGE,MONEY,1,36.0
402,BEVERAGE,PEPPER,1,58.0
403,BEVERAGE,PIG,1,22.0
404,BEVERAGE,SAP,8,253.0
405,BEVERAGE,SERVANT,1,195.0
406,BEVERAGE,WAIST,1,114.0
407,BEVERAGE,WATER,29,58.0
408,BEVERAGE,WINE,5,192.0
409,BEVERAGE,YEAR,1,58.0
410,BILL,BLAME,1,78.0
411,BILL,TAX,1,63.0
412,BIRD,BITE,2,8.0
413,BIRD,BLOOD,3,47.0
414,BIRD,CATTLE,3,55.0
415,BIRD,CHICKEN,41,44.0
416,BIRD,CROW,1,102.0
417,BIRD,DARKNESS,1,36.0
418,BIRD,DOG,2,37.0
419,BIRD,DUCK,3,42.0
420,BIRD,EARTH (SOIL),2,111.0
421,BIRD,EARTH (WET SUBSTANCE),1,111.0
422,BIRD,EGG,1,20.0
423,BIRD,EYE,1,39.0
424,BIRD,FAT (ORGANIC SUBSTANCE),1,30.0
425,BIRD,FIGHT,2,55.0
426,BIRD,FIREWOOD,1,125.0
427,BIRD,FLESH,2,205.0
428,BIRD,GRANDMOTHER,5,2.0
429,BIRD,HEN,5,13.0
430,BIRD,HOME,1,27.0
431,BIRD,INSECT,1,77.0
432,BIRD,LIFT,1,105.0
433,BIRD,LIGHTNING,1,125.0
434,BIRD,LIME (MATERIAL),1,172.0
435,BIRD,MOTHER,1,62.0
436,BIRD,MOUNTAIN,1,77.0
437,BIRD,OMEN,1,352.0
438,BIRD,POISON,1,158.0
439,BIRD,RAIN (PRECIPITATION),2,5.0
440,BIRD,SALT,4,27.0
441,BIRD,SINK (DESCEND),1,13.0
442,BIRD,SNAKE,3,83.0
443,BIRD,SONG,3,36.0
444,BIRD,SUN,1,25.0
445,BIRD,VOICE,1,69.0
446,BIRD,WASH,1,20.0
447,BIRD,WOOD,2,63.0
448,BIRD,YEAR,1,63.0
449,BITE,BLOOD,1,39.0
450,BITE,BOAST,1,164.0
451,BITE,BOX,1,22.0
452,BITE,BURN,2,3.0
453,BITE,BURN (SOMETHING),2,3.0
454,BITE,CALL,2,11.0
455,BITE,CHOP,2,103.0
456,BITE,CHOP (INTO PIECES),1,103.0
457,BITE,CLOSE (EYES),1,69.0
458,BITE,COLD,1,31.0
459,BITE,COVER,1,75.0
460,BITE,DOG,2,45.0
461,BITE,DRINK,8,3.0
462,BITE,EDGE,1,94.0
463,BITE,EMBRACE,1,278.0
464,BITE,FAT (OBESE),1,22.0
465,BITE,FIGHT,3,47.0
466,BITE,FINISH,2,86.0
467,BITE,FOREST,1,83.0
468,BITE,FORK,1,11.0
469,BITE,FROG,1,44.0
470,BITE,FRUIT,2,5.0
471,BITE,GROAN,1,128.0
472,BITE,HARVEST,1,108.0
473,BITE,HEART,3,67.0
474,BITE,HIDE (CONCEAL),1,42.0
475,BITE,HOLD,2,53.0
476,BITE,HURT (SOMEBODY),1,5.0
477,BITE,ICE,1,47.0
478,BITE,INCREASE,1,205.0
479,BITE,JAW,1,147.0
480,BITE,JUMP,1,8.0
481,BITE,KICK,1,14.0
482,BITE,LOOK,1,11.0
483,BITE,MEDICINE,1,97.0
484,BITE,PASTURE,1,172.0
485,BITE,PILLOW,1,3.0
486,BITE,POUND,1,94.0
487,BITE,RAIN (PRECIPITATION),2,3.0
488,BITE,REFUSE,1,180.0
489,BITE,REPAIR,1,161.0
490,BITE,SCRATCH,2,55.0
491,BITE,SHIVER,1,94.0
492,BITE,SHOP,1,22.0
493,BITE,SLAVE,2,172.0
494,BITE,SPLIT,2,167.0
495,BITE,STING,8,47.0
496,BITE,STOVE,1,83.0
497,BITE,STRAIN,1,208.0
498,BITE,SUN,2,33.0
499,BITE,SWEEP,1,67.0
500,BITE,SWELL,1,214.0
501,BITE,TEAR (SHRED),3,50.0
502,BITE,THROW,1,50.0
503,BITE,TRY,3,15.0
504,BITE,TURN,1,19.0
505,BITE,TURN (SOMETHING),1,19.0
506,BITE,VILLAGE,6,103.0
507,BITE,WALK,4,8.0
508,BITE,WASH,4,28.0
509,BITE,YEAR,9,55.0
510,BLAME,CAUSE,1,80.0
511,BLAME,CRIME,2,55.0
512,BLAME,CURSE,1,122.0
513,BLAME,GUESS,1,36.0
514,BLAME,HIDE (CONCEAL),1,72.0
515,BLAME,PUNISHMENT,2,14.0
516,BLAME,REGRET,1,100.0
517,BLAME,SHAME,1,39.0
518,BLAME,SUSPECT,2,144.0
519,BLAME,THROW,1,64.0
520,BLAME,WRONG,1,84.0
521,BLANKET,CLOTHES,2,17.0
522,BLANKET,COAT,2,14.0
523,BLANKET,COVER,1,78.0
524,BLANKET,DEER,2,70.0
525,BLANKET,RUG,17,22.0
526,BLANKET,VEIL,1,203.0
527,BLANKET,WOOL,1,36.0
528,BLANKET,WOUND,2,161.0
529,BLOOD,BODY,1,14.0
530,BLOOD,CHOP,1,64.0
531,BLOOD,CLAY,1,105.0
532,BLOOD,COTTON,1,53.0
533,BLOOD,DANGER,1,47.0
534,BLOOD,DOG,2,84.0
535,BLOOD,DOOR,1,39.0
536,BLOOD,EDGE,1,55.0
537,BLOOD,ESCAPE,1,100.0
538,BLOOD,FIREWOOD,3,78.0
539,BLOOD,FRUIT,2,34.0
540,BLOOD,GROUND,1,5.0
541,BLOOD,HEAD,2,72.0
542,BLOOD,HEART,4,28.0
543,BLOOD,HILL,1,3.0
544,BLOOD,HOLD,1,14.0
545,BLOOD,HUNGER,1,22.0
546,BLOOD,INSECT,1,30.0
547,BLOOD,IRON,1,28.0
548,BLOOD,LAW,1,130.0
549,BLOOD,LIVER,12,100.0
550,BLOOD,LOCK,1,75.0
551,BLOOD,MOTHER,1,109.0
552,BLOOD,MURDER,2,128.0
553,BLOOD,NEEDLE (FOR SEWING),1,11.0
554,BLOOD,NIGHT,22,31.0
555,BLOOD,NUMBER,1,14.0
556,BLOOD,OATH,1,155.0
557,BLOOD,OTTER,1,130.0
558,BLOOD,PIG,1,20.0
559,BLOOD,RAIN (PRECIPITATION),2,42.0
560,BLOOD,REFUSE,1,141.0
561,BLOOD,SALT,4,20.0
562,BLOOD,SAP,28,211.0
563,BLOOD,SMOKE (EXHAUST),1,25.0
564,BLOOD,SONG,2,11.0
565,BLOOD,STRAIN,1,169.0
566,BLOOD,STRENGTH,1,72.0
567,BLOOD,SUN,1,72.0
568,BLOOD,SWEEP,2,28.0
569,BLOOD,TEAR (SHRED),1,11.0
570,BLOOD,WALK,3,47.0
571,BLOOD,WASH,2,67.0
572,BLOOD,WATER,6,100.0
573,BLOOD,WOMAN,2,5.0
574,BLOOD,WOOD,1,16.0
575,BLOOD,WRONG,1,9.0
576,BLOOD,YEAR,10,16.0
577,BOAST,CLOSE (EYES),1,95.0
578,BOAST,COVER,1,89.0
579,BOAST,DECEIT,1,141.0
580,BOAST,EMBRACE,1,114.0
581,BOAST,FAT (OBESE),1,142.0
582,BOAST,FIGHT,1,117.0
583,BOAST,GROAN,1,36.0
584,BOAST,HIDE (CONCEAL),1,122.0
585,BOAST,HOLD,1,111.0
586,BOAST,INCREASE,1,41.0
587,BOAST,JUMP,1,156.0
588,BOAST,LIFT,1,67.0
589,BOAST,LOOK,1,153.0
590,BOAST,MALE,1,5.0
591,BOAST,ORDER,1,34.0
592,BOAST,REFUSE,1,16.0
593,BOAST,REPAIR,1,3.0
594,BOAST,SCRATCH,1,109.0
595,BOAST,SHIVER,4,70.0
596,BOAST,SPLIT,1,3.0
597,BOAST,STRAIN,1,44.0
598,BOAST,SWEEP,1,97.0
599,BOAST,SWELL,1,50.0
600,BOAST,THROW,1,114.0
601,BOAST,TRY,1,149.0
602,BOAST,TURN,1,145.0
603,BOAST,TURN (SOMETHING),1,145.0
604,BOAST,WALK,1,172.0
605,BOAST,WASH,1,192.0
606,BODY,BUNCH,1,50.0
607,BODY,BURN (SOMETHING),1,50.0
608,BODY,BUTTER,1,61.0
609,BODY,CLOTHES,1,73.0
610,BODY,DOG,1,98.0
611,BODY,DRINK,3,56.0
612,BODY,EDGE,1,41.0
613,BODY,FAMILY,1,13.0
614,BODY,FAT (ORGANIC SUBSTANCE),2,31.0
615,BODY,FEVER,1,91.0
616,BODY,FLESH,74,144.0
617,BODY,FRUIT,1,48.0
618,BODY,HEAD,1,86.0
619,BODY,HORN (ANATOMY),1,41.0
620,BODY,HUNTER,1,75.0
621,BODY,LEAD (GUIDE),1,133.0
622,BODY,MOTHER,1,123.0
623,BODY,NOSE,3,61.0
624,BODY,PART,1,47.0
625,BODY,PEOPLE,1,14.0
626,BODY,POT,1,50.0
627,BODY,ROAD,2,61.0
628,BODY,ROPE,1,14.0
629,BODY,SALT,1,34.0
630,BODY,SELF,2,61.0
631,BODY,SHOULDER,1,3.0
632,BODY,SPIRIT,1,122.0
633,BODY,STATUE,1,139.0
634,BODY,SUN,1,86.0
635,BODY,WAIST,3,58.0
636,BODY,WASH,1,81.0
637,BODY,WHOLE,3,22.0
638,BODY,WOOL,1,20.0
639,BODY,YEAR,1,2.0
640,BOLT (OF LIGHTNING),CHOP,2,52.0
641,BOLT (OF LIGHTNING),ELECTRICITY,2,31.0
642,BOLT (OF LIGHTNING),ELEPHANT,1,147.0
643,BOLT (OF LIGHTNING),GRAPE,1,72.0
644,BOLT (OF LIGHTNING),LIGHTNING,131,38.0
645,BOLT (OF LIGHTNING),LOCK,1,41.0
646,BOLT (OF LIGHTNING),RAIN (PRECIPITATION),2,158.0
647,BOLT (OF LIGHTNING),ROPE,1,88.0
648,BOLT (OF LIGHTNING),SPLIT,1,12.0
649,BOLT (OF LIGHTNING),VICTORY,1,42.0
650,BOLT (OF LIGHTNING),WATER,1,216.0
651,BOLT (OF LIGHTNING),WORM,1,116.0
652,BOOK,DEW,1,117.0
653,BOOK,DUCK,1,50.0
654,BOOK,LETTER,38,42.0
655,BOOK,LOOK,1,11.0
656,BOOK,MARKET,1,114.0
657,BOOK,MONEY,1,33.0
658,BOOK,NEWSPAPER,2,78.0
659,BOOK,PAPER,67,15.0
660,BOOK,ROOM,1,30.0
661,BOOK,SALT,1,19.0
662,BOOK,SNAKE,1,75.0
663,BOOK,SWALLOW,1,94.0
664,BOOT,BUNCH,2,66.0
665,BOOT,ELECTION,1,277.0
666,BOOT,ICE,1,10.0
667,BOOT,POUND,1,57.0
668,BOOT,STATUE,1,155.0
669,BORDER,BOUNDARY,13,55.0
670,BORDER,EDGE,4,109.0
671,BORDER,LINE,1,142.0
672,BORDER,MOUSE,1,175.0
673,BORDER,PIG,1,184.0
674,BORDER,WOOD,1,148.0
675,BOUNDARY,CHICKEN,1,222.0
676,BOUNDARY,COUNTRY,4,143.0
677,BOUNDARY,EDGE,22,164.0
678,BOUNDARY,ELEPHANT,1,250.0
679,BOUNDARY,LINE,1,197.0
680,BOUNDARY,PAINTING,1,214.0
681,BOUNDARY,PART,1,158.0
682,BOUNDARY,PIG,1,239.0
683,BOUNDARY,PITY,1,119.0
684,BOUNDARY,PORT,1,100.0
685,BOUNDARY,YEAR,2,203.0
686,BOW,BRANCH,1,32.0
687,BOW,BURN (SOMETHING),1,54.0
688,BOW,CHEEK,1,4.0
689,BOW,CIRCLE,2,57.0
690,BOW,DEER,1,10.0
691,BOW,DOOR,1,57.0
692,BOW,DRINK,2,60.0
693,BOW,ELEPHANT,1,49.0
694,BOW,ENEMY,1,96.0
695,BOW,EXCHANGE,1,172.0
696,BOW,FACE,8,105.0
697,BOW,FIREWOOD,1,60.0
698,BOW,FOREST,1,26.0
699,BOW,FROG,2,13.0
700,BOW,GRANDFATHER,1,57.0
701,BOW,GUN,3,43.0
702,BOW,HEN,1,52.0
703,BOW,KICK,1,43.0
704,BOW,LINE,1,4.0
705,BOW,MALE (OF ANIMAL),1,112.0
706,BOW,NOSE,2,65.0
707,BOW,ONION,2,15.0
708,BOW,SCRATCH,1,2.0
709,BOW,SNAKE,1,18.0
710,BOW,SONG,1,29.0
711,BOW,SUMMER,5,18.0
712,BOW,SWEEP,1,10.0
713,BOW,TURN (SOMETHING),1,38.0
714,BOW,VILLAGE,1,46.0
715,BOW,WALK,1,65.0
716,BOW,WAR,3,43.0
717,BOW,WATER,1,118.0
718,BOW,WINDOW,1,40.0
719,BOWL,EMBRACE,1,236.0
720,BOWL,HALF,1,11.0
721,BOWL,HEAVEN,1,16.0
722,BOWL,HORN (ANATOMY),1,52.0
723,BOWL,KETTLE,1,18.0
724,BOWL,LAMP,1,27.0
725,BOWL,MOUNTAIN,1,27.0
726,BOWL,POT,10,39.0
727,BOWL,SPOON,2,70.0
728,BOWL,YEAR,1,13.0
729,BOWL (CLASSIFIER),SILVER,1,61.0
730,BOWL (CLASSIFIER),SWEEP,1,25.0
731,BOWL (CLASSIFIER),YEAR,1,13.0
732,BOX,DOOR,1,22.0
733,BOX,FROST,1,72.0
734,BOX,LOVE,1,111.0
735,BOX,STING,1,69.0
736,BRAIN,CALL,1,122.0
737,BRAIN,CLEVER,1,14.0
738,BRAIN,DARKNESS,1,105.0
739,BRAIN,DEW,1,16.0
740,BRAIN,FAT (ORGANIC SUBSTANCE),4,111.0
741,BRAIN,GRANDFATHER,1,133.0
742,BRAIN,HEAD,8,166.0
743,BRAIN,INSECT,1,64.0
744,BRAIN,INTENTION,1,134.0
745,BRAIN,MOTHER,1,203.0
746,BRAIN,OIL (ORGANIC SUBSTANCE),3,44.0
747,BRAIN,PILLOW,1,130.0
748,BRAIN,REED,1,22.0
749,BRAIN,REGRET,1,81.0
750,BRAIN,SAP,2,117.0
751,BRAIN,SKIRT,1,89.0
752,BRAIN,VILLAGE,3,30.0
753,BRANCH,CHEEK,1,36.0
754,BRANCH,GARDEN,1,117.0
755,BRANCH,GRAPE,1,6.0
756,BRANCH,HARE,1,22.0
757,BRANCH,HEAD,1,122.0
758,BRANCH,HORN (ANATOMY),3,5.0
759,BRANCH,PLAY,1,111.0
760,BRANCH,SCRATCH,1,34.0
761,BRANCH,SPLIT,1,78.0
762,BRANCH,SPOON,1,117.0
763,BRANCH,SUN,4,122.0
764,BRANCH,SWELL,1,125.0
765,BRANCH,SWORD,1,39.0
766,BRANCH,THIEF,1,19.0
767,BRANCH,WALK,1,97.0
768,BRANCH,WAR,1,11.0
769,BREAKFAST,DAWN,1,117.0
770,BREAKFAST,LUNCH,11,42.0
771,BREAKFAST,MARKET,1,95.0
772,BREAKFAST,WRONG,1,11.0
773,BREATH,FINISH,1,31.0
774,BREATH,HARE,1,50.0
775,BREATH,HEART,1,50.0
776,BREATH,SONG,1,89.0
777,BREATH,SPIRIT,15,58.0
778,BRICK,CLAY,3,97.0
779,BRICK,DOOR,1,47.0
780,BRICK,EARTH (SOIL),2,56.0
781,BRICK,HALF,1,6.0
782,BRICK,HEAVEN,1,11.0
783,BRICK,LAND,1,25.0
784,BRICK,LOVE,1,42.0
785,BRICK,MOTHER,1,117.0
786,BRICK,SINK (DESCEND),1,42.0
787,BRICK,WHEAT,1,125.0
788,BRICK,WOOD,1,8.0
789,BRIDGE,DITCH,1,3.0
790,BRIDGE,DOOR,1,75.0
791,BRIDGE,EGG,1,103.0
792,BRIDGE,FRUIT,1,70.0
793,BRIDGE,GARDEN,1,103.0
794,BRIDGE,HAIL,2,65.0
795,BRIDGE,JUMP,1,67.0
796,BRIDGE,MALE,1,94.0
797,BRIDGE,OIL (HYDROPHOBIC LIQUID),1,14.0
798,BRIDGE,OTTER,1,94.0
799,BRIDGE,PLACE (POSITION),1,20.0
800,BRIDGE,PORT,3,83.0
801,BRIDGE,POT,1,72.0
802,BRIDGE,REED,1,80.0
803,BRIDGE,RYE,1,211.0
804,BRIDGE,SALT,1,56.0
805,BRIDGE,SAND,1,72.0
806,BRIDGE,TAX,1,180.0
807,BRIDGE,THREAD,1,22.0
808,BRIDGE,THROW,3,25.0
809,BRIDGE,WHEAT,4,97.0
810,BROTHER,BUSH,1,37.0
811,BROTHER,COUSIN,36,59.0
812,BROTHER,FAMILY,1,61.0
813,BROTHER,GRANDFATHER,1,5.0
814,BROTHER,GUARD,1,125.0
815,BROTHER,HEAD,1,38.0
816,BROTHER,HIDE (CONCEAL),1,37.0
817,BROTHER,LOOK,1,6.0
818,BROTHER,NOSE,1,13.0
819,BROTHER,PART,2,95.0
820,BROTHER,RAIN (RAINING),2,8.0
821,BROTHER,SECOND,1,70.0
822,BROTHER,SMOKE (EXHAUST),1,9.0
823,BROTHER,SNAKE,1,70.0
824,BROTHER,SONG,1,23.0
825,BROTHER,UNCLE,20,27.0
826,BROTHER,VOICE,1,56.0
827,BROTHER,WIN,1,50.0
828,BRUSH,CART,3,44.0
829,BRUSH,COTTON,1,92.0
830,BRUSH,DYE,1,178.0
831,BRUSH,FAT (ORGANIC SUBSTANCE),1,22.0
832,BRUSH,GRANDMOTHER,1,6.0
833,BRUSH,OIL (ORGANIC SUBSTANCE),1,89.0
834,BRUSH,PAINTING,1,44.0
835,BRUSH,PEPPER,1,55.0
836,BRUSH,RING,1,6.0
837,BRUSH,ROOM,1,30.0
838,BRUSH,SAW,1,55.0
839,BRUSH,SKIRT,1,44.0
840,BRUSH,SWEEP,3,67.0
841,BRUSH,WASH,1,28.0
842,BRUSH,WOOL,1,33.0
843,BUD,CLIFF,2,9.0
844,BUD,COPPER,2,97.0
845,BUD,GREEN,1,106.0
846,BUD,HORN (ANATOMY),1,23.0
847,BUNCH,FOREST,1,20.0
848,BUNCH,FRUIT,3,98.0
849,BUNCH,GRAPE,9,20.0
850,BUNCH,HEAD,1,136.0
851,BUNCH,HONEY,1,31.0
852,BUNCH,HUNGER,1,42.0
853,BUNCH,NEEDLE (FOR SEWING),1,53.0
854,BUNCH,SEASON,1,11.0
855,BUNCH,SWEEP,1,36.0
856,BUNCH,TOE,1,123.0
857,BUNCH,TOUCH,1,48.0
858,BUNCH,VINE,7,108.0
859,BUNCH,WHEAT,2,69.0
860,BUNCH,WOOD,1,48.0
861,BURN,BURN (SOMETHING),5,0.0
862,BURN,DOG,3,48.0
863,BURN,EYE,6,50.0
864,BURN,HORN (ANATOMY),2,91.0
865,BURN,INSECT,1,66.0
866,BURN,LEAD (GUIDE),1,183.0
867,BURN,SELF,1,111.0
868,BURN (SOMETHING),CALL,1,8.0
869,BURN (SOMETHING),ENVY,1,214.0
870,BURN (SOMETHING),FIREWOOD,1,114.0
871,BURN (SOMETHING),FLAME,2,44.0
872,BURN (SOMETHING),HAMMER,1,61.0
873,BURN (SOMETHING),HEAD,1,36.0
874,BURN (SOMETHING),HOLD,2,50.0
875,BURN (SOMETHING),ISLAND,2,72.0
876,BURN (SOMETHING),JAW,1,144.0
877,BURN (SOMETHING),LIFT,1,94.0
878,BURN (SOMETHING),MEDICINE,1,94.0
879,BURN (SOMETHING),POST,1,89.0
880,BURN (SOMETHING),ROOM,1,27.0
881,BURN (SOMETHING),SAP,1,247.0
882,BURN (SOMETHING),SELF,1,111.0
883,BURN (SOMETHING),SHOULDER,3,47.0
884,BURN (SOMETHING),SMOKE (INHALE),3,11.0
885,BURN (SOMETHING),SWEEP,1,64.0
886,BURN (SOMETHING),SWELL,1,211.0
887,BURN (SOMETHING),TOWER,1,136.0
888,BURN (SOMETHING),WOOD,1,52.0
889,BURN (SOMETHING),YEAR,1,52.0
890,BUSH,COUNTRY,1,73.0
891,BUSH,FOREST,32,41.0
892,BUSH,GARDEN,3,70.0
893,BUSH,GROUND,1,2.0
894,BUSH,HILL,1,0.0
895,BUSH,LAND,2,30.0
896,BUSH,MOUNTAIN,3,27.0
897,BUSH,NIGHT,1,34.0
898,BUSH,SHOULDER,1,8.0
899,BUSH,VILLAGE,1,61.0
900,BUTTER,CHEESE,3,5.0
901,BUTTER,CHOP,1,111.0
902,BUTTER,FAT (ORGANIC SUBSTANCE),37,30.0
903,BUTTER,FLESH,1,205.0
904,BUTTER,ISLAND,1,83.0
905,BUTTER,OIL (ORGANIC SUBSTANCE),50,97.0
906,BUTTER,SHIP,1,43.0
907,BUTTER,SPLIT,1,175.0
908,BUTTER,SUMMER,1,47.0
909,BUTTER,THROW,1,58.0
910,BUTTER,TOBACCO,1,160.0
911,BUTTER,WASH,1,20.0
912,BUTTON,EYE,1,25.0
913,BUTTON,LIVER,1,161.0
914,BUTTON,NAIL (TOOL),1,80.0
915,BUTTON,NOSE,1,14.0
916,BUTTON,SWEEP,1,89.0
917,BUTTON,TAX,1,277.0
918,CALL,CURSE,1,225.0
919,CALL,DYE,1,167.0
920,CALL,ENVY,1,206.0
921,CALL,FIGHT,1,36.0
922,CALL,GREEN,1,0.0
923,CALL,HEAVEN,1,47.0
924,CALL,HOLD,2,42.0
925,CALL,HORN (ANATOMY),1,83.0
926,CALL,HOWL,3,44.0
927,CALL,LIFT,1,86.0
928,CALL,PART,1,89.0
929,CALL,PIG,2,8.0
930,CALL,POT,1,8.0
931,CALL,REFUSE,1,169.0
932,CALL,SHIRT,1,44.0
933,CALL,SHRIEK,10,181.0
934,CALL,SMOKE (EXHAUST),1,3.0
935,CALL,SUSPECT,1,247.0
936,CALL,THROW,1,39.0
937,CALL,TRY,1,4.0
938,CALL,VOICE,1,50.0
939,CALL,WAIST,1,100.0
940,CALL,WALK,1,19.0
941,CAMP,EARTH (SOIL),20,9.0
942,CAMP,LAND,1,22.0
943,CAMP,MALE (OF PERSON),1,75.0
944,CAMP,PLACE (POSITION),1,39.0
945,CAMP,PLAIN,1,53.0
946,CAMP,VILLAGE,1,9.0
947,CANOE,CART,2,136.0
948,CANOE,FAT (ORGANIC SUBSTANCE),1,158.0
949,CANOE,GARDEN,1,208.0
950,CANOE,HEAD,1,213.0
951,CANOE,PAPER,1,165.0
952,CANOE,POCKET,1,166.0
953,CANOE,RAIN (RAINING),8,183.0
954,CANOE,ROPE,2,113.0
955,CANOE,SHIP,11,145.0
956,CANOE,SPLIT,2,13.0
957,CANOE,SWELL,1,34.0
958,CANOE,SWIM,1,138.0
959,CANOE,WATER,1,241.0
960,CANOE,YEAR,1,125.0
961,CAR,CART,5,61.0
962,CAR,CHICKEN (CLASSIFIER),1,53.0
963,CAR,FEVER,1,161.0
964,CAR,HELL,1,117.0
965,CAR,IRON,2,84.0
966,CAR,TOOL,1,103.0
967,CART,CIRCLE,1,44.0
968,CART,DEER,1,23.0
969,CART,IRON,1,23.0
970,CART,JAW,1,103.0
971,CART,POCKET,1,30.0
972,CART,ROAD,1,52.0
973,CART,SNAKE,1,31.0
974,CART,TEAR (SHRED),1,6.0
975,CART,TOOL,1,42.0
976,CART,TRY,1,29.0
977,CATTLE,CHOP,1,56.0
978,CATTLE,FACE,1,95.0
979,CATTLE,FAMILY,1,19.0
980,CATTLE,FLESH,1,150.0
981,CATTLE,FOX,1,22.0
982,CATTLE,HEART,1,20.0
983,CATTLE,HONEY,1,25.0
984,CATTLE,HORN (ANATOMY),2,47.0
985,CATTLE,MALE,1,122.0
986,CATTLE,MONEY,7,14.0
987,CATTLE,OX,10,68.0
988,CATTLE,PASTURE,2,125.0
989,CATTLE,SALT,1,28.0
990,CATTLE,SOLDIER,1,14.0
991,CATTLE,SONG,2,19.0
992,CATTLE,SWELL,1,167.0
993,CATTLE,TAX,3,208.0
994,CATTLE,THROW,1,3.0
995,CATTLE,WINDOW,1,30.0
996,CATTLE,WOOD,1,8.0
997,CATTLE,WOOL,11,14.0
998,CAUSE,FINISH,1,108.0
999,CAUSE,FRUIT,1,189.0
1000,CAUSE,HOLD,1,141.0
1001,CAUSE,INTENTION,4,73.0
1002,CAUSE,LAW,1,25.0
1003,CAUSE,MALE (OF PERSON),1,25.0
1004,CAUSE,MEDICINE,8,97.0
1005,CAUSE,OMEN,1,150.0
1006,CAUSE,OX,1,79.0
1007,CAUSE,POST,4,102.0
1008,CAUSE,RAIN (PRECIPITATION),1,197.0
1009,CAUSE,ROAD,1,202.0
1010,CAUSE,TEACHER,1,161.0
1011,CHAIN,FAMILY,1,31.0
1012,CHAIN,HUNGER,2,36.0
1013,CHAIN,IRON,1,30.0
1014,CHAIN,JEWEL,1,19.0
1015,CHAIN,LIGHTNING,1,20.0
1016,CHAIN,OMEN,1,247.0
1017,CHAIN,ROPE,2,30.0
1018,CHAIN,SAP,1,153.0
1019,CHAIN,THREAD,1,44.0
1020,CHAIN,WASH,1,125.0
1021,CHAIN,WOUND,2,61.0
1022,CHARACTER,LETTER,4,208.0
1023,CHEEK,COUNTRY,1,62.0
1024,CHEEK,COVER,1,22.0
1025,CHEEK,CROW,1,41.0
1026,CHEEK,CRUSH,1,72.0
1027,CHEEK,EGG,1,81.0
1028,CHEEK,FACE,20,101.0
1029,CHEEK,FIREWOOD,1,64.0
1030,CHEEK,FOREST,1,30.0
1031,CHEEK,GRANDFATHER,7,53.0
1032,CHEEK,GRAVE,2,72.0
1033,CHEEK,HEART,1,14.0
1034,CHEEK,HONEY,1,19.0
1035,CHEEK,HORN (ANATOMY),1,41.0
1036,CHEEK,JAW,33,94.0
1037,CHEEK,RAIN (PRECIPITATION),1,56.0
1038,CHEEK,SHIRT,1,2.0
1039,CHEEK,SHOULDER,1,3.0
1040,CHEEK,TOBACCO,1,99.0
1041,CHEEK,ULCER,1,250.0
1042,CHEEK,WALK,1,61.0
1043,CHEEK,WAR,1,47.0
1044,CHEEK,WASH,1,81.0
1045,CHEEK,YEAR,1,2.0
1046,CHEESE,DOOR,1,3.0
1047,CHEESE,EARTH (SOIL),1,106.0
1048,CHEESE,EYE,1,44.0
1049,CHEESE,HEAD,1,30.0
1050,CHEESE,MOTHER,1,67.0
1051,CHEESE,MOUSE,1,31.0
1052,CHEESE,PEOPLE,1,70.0
1053,CHEESE,PRIEST,1,200.0
1054,CHEESE,QUEEN,2,36.0
1055,CHEESE,ROPE,1,70.0
1056,CHEESE,TOWER,1,142.0
1057,CHEESE,WOOD,1,58.0
1058,CHICKEN,CLIFF,3,72.0
1059,CHICKEN,DUCK,1,86.0
1060,CHICKEN,EDGE,2,58.0
1061,CHICKEN,EGG,2,64.0
1062,CHICKEN,FIREWOOD,1,81.0
1063,CHICKEN,HEAD,1,69.0
1064,CHICKEN,HEN,76,31.0
1065,CHICKEN,HOLD,1,17.0
1066,CHICKEN,HOME,1,17.0
1067,CHICKEN,LAMB,5,64.0
1068,CHICKEN,LOOK,1,25.0
1069,CHICKEN,NEEDLE (FOR SEWING),1,14.0
1070,CHICKEN,PART,2,64.0
1071,CHICKEN,POST,1,56.0
1072,CHICKEN,SCRATCH,2,19.0
1073,CHICKEN,SMOKE (EXHAUST),2,22.0
1074,CHICKEN,STING,1,11.0
1075,CHICKEN,SWALLOW,1,58.0
1076,CHICKEN,SWIM,1,6.0
1077,CHICKEN,TEAR (SHRED),1,14.0
1078,CHICKEN,WOOD,1,19.0
1079,CHICKEN,WOOL,3,3.0
1080,CHICKEN,YEAR,4,19.0
1081,CHICKEN (CLASSIFIER),FIREWOOD,1,81.0
1082,CHOP,CHOP (INTO PIECES),14,0.0
1083,CHOP,COVER,1,28.0
1084,CHOP,DEER,1,36.0
1085,CHOP,DEW,1,14.0
1086,CHOP,DOUGH,1,52.0
1087,CHOP,GREEN,1,92.0
1088,CHOP,LOCK,1,11.0
1089,CHOP,MURDER,2,64.0
1090,CHOP,PIG,1,84.0
1091,CHOP,RAIN (PRECIPITATION),1,106.0
1092,CHOP,SNAKE,1,28.0
1093,CHOP,SPLIT,44,64.0
1094,CHOP,SWELL,1,111.0
1095,CHOP,TEAR (OF EYE),1,53.0
1096,CHOP,TEAR (SHRED),7,53.0
1097,CHOP,THROW,2,53.0
1098,CHOP,VOICE,1,42.0
1099,CHOP,WATER,1,164.0
1100,CHOP,WOUND,1,55.0
1101,CHOP (INTO PIECES),FORK,1,92.0
1102,CHOP (INTO PIECES),SPLIT,1,64.0
1103,CHURCH,SCHOOL,1,50.0
1104,CIRCLE,DARKNESS,1,28.0
1105,CIRCLE,DOG,1,45.0
1106,CIRCLE,EMBRACE,1,278.0
1107,CIRCLE,EVENING,1,89.0
1108,CIRCLE,FRUIT,2,5.0
1109,CIRCLE,PILLOW,1,3.0
1110,CIRCLE,RAIN (PRECIPITATION),1,3.0
1111,CIRCLE,RING,14,6.0
1112,CIRCLE,WINDOW,1,17.0
1113,CLAY,COUNTRY,3,29.0
1114,CLAY,EARTH (SOIL),57,41.0
1115,CLAY,FLESH,2,53.0
1116,CLAY,FOREST,1,61.0
1117,CLAY,HEAD,1,177.0
1118,CLAY,LAND,14,72.0
1119,CLAY,LIGHTNING,1,27.0
1120,CLAY,MUD,71,119.0
1121,CLAY,POST,1,52.0
1122,CLAY,POT,2,141.0
1123,CLAY,REED,1,11.0
1124,CLAY,SAND,3,141.0
1125,CLAY,SAP,1,106.0
1126,CLAY,SLAVE,1,28.0
1127,CLAY,SMOKE (EXHAUST),2,130.0
1128,CLAY,SMOKE (INHALE),2,130.0
1129,CLAY,THREAD,1,91.0
1130,CLAY,VOICE,1,83.0
1131,CLAY,WOOD,1,89.0
1132,CLEVER,CUNNING,2,93.0
1133,CLEVER,FROG,1,75.0
1134,CLEVER,MAGIC,1,52.0
1135,CLEVER,ROPE,1,52.0
1136,CLIFF,STRAIN,2,100.0
1137,CLIFF,VALLEY,2,17.0
1138,CLOSE (EYES),CLOVE,1,217.0
1139,CLOSE (EYES),COVER,7,6.0
1140,CLOSE (EYES),EARTH (SOIL),1,34.0
1141,CLOSE (EYES),EMBRACE,1,209.0
1142,CLOSE (EYES),FACE,1,117.0
1143,CLOSE (EYES),FAT (OBESE),1,47.0
1144,CLOSE (EYES),FIGHT,1,22.0
1145,CLOSE (EYES),FIREWOOD,1,48.0
1146,CLOSE (EYES),GROAN,1,59.0
1147,CLOSE (EYES),GROUND,1,25.0
1148,CLOSE (EYES),HIDE (CONCEAL),1,27.0
1149,CLOSE (EYES),HOLD,1,16.0
1150,CLOSE (EYES),INCREASE,1,136.0
1151,CLOSE (EYES),JUMP,1,61.0
1152,CLOSE (EYES),LOOK,1,58.0
1153,CLOSE (EYES),OIL (ORGANIC SUBSTANCE),1,20.0
1154,CLOSE (EYES),REFUSE,1,111.0
1155,CLOSE (EYES),REPAIR,1,92.0
1156,CLOSE (EYES),SCRATCH,1,14.0
1157,CLOSE (EYES),SHIVER,1,25.0
1158,CLOSE (EYES),SPLIT,1,98.0
1159,CLOSE (EYES),STRAIN,1,139.0
1160,CLOSE (EYES),SWEEP,1,2.0
1161,CLOSE (EYES),SWELL,2,145.0
1162,CLOSE (EYES),TRY,1,54.0
1163,CLOSE (EYES),TURN,1,50.0
1164,CLOSE (EYES),TURN (SOMETHING),1,50.0
1165,CLOSE (EYES),WALK,1,77.0
1166,CLOSE (EYES),WASH,2,97.0
1167,CLOTHES,COAT,14,3.0
1168,CLOTHES,COTTON,1,112.0
1169,CLOTHES,COVER,2,95.0
1170,CLOTHES,DRESS,34,28.0
1171,CLOTHES,ESCAPE,1,159.0
1172,CLOTHES,FIREWOOD,1,137.0
1173,CLOTHES,FROG,1,64.0
1174,CLOTHES,LIE (MISLEAD),1,56.0
1175,CLOTHES,MEDICINE,1,117.0
1176,CLOTHES,NEEDLE (FOR SEWING),1,70.0
1177,CLOTHES,PART,1,120.0
1178,CLOTHES,PASTURE,1,192.0
1179,CLOTHES,PLACE (POSITION),2,75.0
1180,CLOTHES,SHAME,1,173.0
1181,CLOTHES,SHIRT,34,75.0
1182,CLOTHES,SKIRT,6,64.0
1183,CLOTHES,SPLIT,1,187.0
1184,CLOTHES,VEIL,1,220.0
1185,CLOTHES,WASH,1,8.0
1186,CLOTHES,WATER,1,41.0
1187,COAT,COLD,1,14.0
1188,COAT,DRESS,3,25.0
1189,COAT,EMBRACE,1,295.0
1190,COAT,MEDICINE,1,114.0
1191,COAT,SHIRT,13,72.0
1192,COAT,SKIRT,2,61.0
1193,COAT,TEAR (SHRED),1,67.0
1194,COAT,VALLEY,1,142.0
1195,COAT,VEIL,1,217.0
1196,COFFEE,FRUIT,1,73.0
1197,COFFEE,PLAIN,1,69.0
1198,COLD,COLD (OF WEATHER),59,0.0
1199,COLD,CROW (VERB),1,125.0
1200,COLD,CURE,1,167.0
1201,COLD,DEW,2,148.0
1202,COLD,DOG,1,14.0
1203,COLD,DUCK,1,19.0
1204,COLD,EDGE,1,125.0
1205,COLD,FEVER,4,175.0
1206,COLD,FROST,14,81.0
1207,COLD,HORN (ANATOMY),1,125.0
1208,COLD,ICE,4,78.0
1209,COLD,JUMP,1,39.0
1210,COLD,LIFT,1,128.0
1211,COLD,MALE (OF ANIMAL),1,200.0
1212,COLD,MALE (OF PERSON),1,200.0
1213,COLD,MOUNTAIN,1,100.0
1214,COLD,MOUSE,1,59.0
1215,COLD,PAINTING,1,75.0
1216,COLD,RAKE,1,153.0
1217,COLD,SAND,1,34.0
1218,COLD,SCHOOL,1,45.0
1219,COLD,SCRATCH,1,86.0
1220,COLD,SKIRT,1,75.0
1221,COLD,SPLIT,1,198.0
1222,COLD,TEAR (SHRED),1,81.0
1223,COLD,WALK,2,23.0
1224,COLD,WASH,2,3.0
1225,COLD,WATER,1,30.0
1226,COLD,WINTER,5,53.0
1227,COLD,WOOD,2,86.0
1228,COLD,WOOL,1,64.0
1229,COLD,YEAR,2,86.0
1230,COLD (OF WEATHER),DEW,1,148.0
1231,COLD (OF WEATHER),FROST,1,81.0
1232,COLD (OF WEATHER),ICE,3,78.0
1233,COLD (OF WEATHER),WINTER,3,53.0
1234,COLUMN,STOOL,1,233.0
1235,COPPER,HONEY,3,142.0
1236,COPPER,IRON,18,147.0
1237,COPPER,MEASURE,1,84.0
1238,COPPER,MONEY,3,181.0
1239,COPPER,PASTURE,1,42.0
1240,COPPER,SPIKE,1,75.0
1241,COTTON,DYE,1,86.0
1242,COTTON,FAT (ORGANIC SUBSTANCE),1,70.0
1243,COTTON,OIL (ORGANIC SUBSTANCE),1,3.0
1244,COTTON,PEPPER,1,37.0
1245,COTTON,RING,1,98.0
1246,COTTON,ROOM,1,62.0
1247,COTTON,SHIELD,1,44.0
1248,COTTON,SKIRT,1,48.0
1249,COTTON,SONG,1,64.0
1250,COTTON,THREAD,15,39.0
1251,COTTON,WOOL,3,59.0
1252,COUNTRY,EARTH (SOIL),74,12.0
1253,COUNTRY,EDGE,4,21.0
1254,COUNTRY,FOREST,3,32.0
1255,COUNTRY,GOVERNMENT,1,124.0
1256,COUNTRY,GROUND,19,71.0
1257,COUNTRY,HEAVEN,1,57.0
1258,COUNTRY,HOME,1,96.0
1259,COUNTRY,ISLAND,1,40.0
1260,COUNTRY,LAND,226,43.0
1261,COUNTRY,MUD,1,90.0
1262,COUNTRY,NIGHT,1,107.0
1263,COUNTRY,PEOPLE,6,48.0
1264,COUNTRY,PLACE (POSITION),15,60.0
1265,COUNTRY,PLAIN,2,32.0
1266,COUNTRY,PLOT,1,93.0
1267,COUNTRY,ROAD,1,123.0
1268,COUNTRY,SAND,2,112.0
1269,COUNTRY,TEAR (OF EYE),1,65.0
1270,COUNTRY,VALLEY,1,10.0
1271,COUNTRY,VILLAGE,21,12.0
1272,COUNTRY,WALK,2,123.0
1273,COUSIN,DUCK,1,114.0
1274,COUSIN,FAMILY,1,2.0
1275,COUSIN,GIRL,3,95.0
1276,COUSIN,GRANDFATHER,1,64.0
1277,COUSIN,NEIGHBOUR,1,45.0
1278,COUSIN,SUMMER,1,25.0
1279,COUSIN,UNCLE,7,86.0
1280,COVER,CRIME,1,94.0
1281,COVER,DIVE,1,33.0
1282,COVER,DOOR,1,75.0
1283,COVER,EMBRACE,2,203.0
1284,COVER,EWE,1,89.0
1285,COVER,FAT (OBESE),1,53.0
1286,COVER,FIGHT,1,28.0
1287,COVER,GRAVE,1,50.0
1288,COVER,GROAN,1,53.0
1289,COVER,GUARD,1,55.0
1290,COVER,HAMMER,1,11.0
1291,COVER,HEAD,2,108.0
1292,COVER,HIDE (CONCEAL),14,33.0
1293,COVER,HIDE (ONESELF),4,33.0
1294,COVER,HOLD,3,22.0
1295,COVER,INCREASE,1,130.0
1296,COVER,JUMP,1,67.0
1297,COVER,LOOK,1,64.0
1298,COVER,PLACE (POSITION),1,20.0
1299,COVER,POT,1,72.0
1300,COVER,POUND,1,19.0
1301,COVER,RAIN (PRECIPITATION),1,78.0
1302,COVER,REFUSE,1,105.0
1303,COVER,REPAIR,1,86.0
1304,COVER,RUG,1,56.0
1305,COVER,SCRATCH,1,20.0
1306,COVER,SHIELD,1,61.0
1307,COVER,SHIVER,1,19.0
1308,COVER,SPLIT,3,92.0
1309,COVER,STRAIN,1,133.0
1310,COVER,SWEEP,1,8.0
1311,COVER,SWELL,1,139.0
1312,COVER,THROW,2,25.0
1313,COVER,TOUCH,1,20.0
1314,COVER,TRY,1,60.0
1315,COVER,TURN,2,56.0
1316,COVER,TURN (SOMETHING),1,56.0
1317,COVER,VEIL,2,125.0
1318,COVER,WALK,1,83.0
1319,COVER,WASH,1,103.0
1320,COVER,YEAR,1,20.0
1321,CRAB,HUNGER,1,17.0
1322,CRAB,OTTER,1,91.0
1323,CRAB,SNAKE,1,3.0
1324,CRAB,SPOT,1,31.0
1325,CRAB,WOMAN,1,34.0
1326,CRAB,YEAR,1,23.0
1327,CRANE,DRINK,1,139.0
1328,CRANE,DUCK,1,186.0
1329,CRANE,FOX,1,67.0
1330,CRANE,JAW,1,11.0
1331,CRIME,MURDER,4,2.0
1332,CRIME,PUNISHMENT,1,41.0
1333,CROW,FRUIT,1,89.0
1334,CROW,GRANDMOTHER,1,100.0
1335,CROW,KETTLE,1,34.0
1336,CROW,TAX,1,161.0
1337,CROW,UNCLE,1,116.0
1338,CROW (VERB),DOOR,7,94.0
1339,CROW (VERB),FIREWOOD,1,23.0
1340,CROW (VERB),HALF,2,41.0
1341,CROW (VERB),HOWL,1,39.0
1342,CROW (VERB),INTEREST,1,103.0
1343,CROW (VERB),LIVER,1,45.0
1344,CROW (VERB),PLAY,1,116.0
1345,CROW (VERB),POND,1,69.0
1346,CROW (VERB),SILVER,1,9.0
1347,CROW (VERB),STABLE,1,16.0
1348,CROW (VERB),WEST,1,34.0
1349,CROW (VERB),WOOD,1,39.0
1350,CRUSH,DRINK,1,128.0
1351,CRUSH,FAT (OBESE),1,103.0
1352,CRUSH,LIE (REST),1,89.0
1353,CRUSH,POUND,20,31.0
1354,CRUSH,SHIVER,1,31.0
1355,CRUSH,SPLIT,1,42.0
1356,CRUSH,SWALLOW,1,31.0
1357,CRUSH,SWEEP,1,58.0
1358,CRUSH,TRY,1,110.0
1359,CRUSH,WALK,1,133.0
1360,CRUSH,WASH,1,153.0
1361,CURE,HIDE (CONCEAL),1,94.0
1362,CURE,LOOK,1,125.0
1363,CURE,MEDICINE,6,39.0
1364,CURE,PHYSICIAN,3,211.0
1365,CURE,REPAIR,3,25.0
1366,CURE,RESCUE,9,17.0
1367,CURE,REST,1,128.0
1368,CURE,YEAR,1,81.0
1369,CURSE,DITCH,1,158.0
1370,CURSE,ELEPHANT,1,228.0
1371,CURSE,HORN (ANATOMY),1,142.0
1372,CURSE,SALT,1,217.0
1373,DAMAGE,LEAD (GUIDE),1,42.0
1374,DANGER,ENEMY,1,67.0
1375,DANGER,GRIEF,1,150.0
1376,DANGER,GUESS,1,8.0
1377,DANGER,HOLD,1,33.0
1378,DANGER,NUMBER,1,61.0
1379,DANGER,OMEN,1,258.0
1380,DANGER,POISON,1,64.0
1381,DANGER,SPEECH,1,69.0
1382,DANGER,VINE,1,125.0
1383,DARKNESS,DIVE,1,80.0
1384,DARKNESS,EARTH (SOIL),1,75.0
1385,DARKNESS,EVENING,7,61.0
1386,DARKNESS,FOREST,1,55.0
1387,DARKNESS,GRIEF,1,208.0
1388,DARKNESS,NIGHT,34,20.0
1389,DARKNESS,SAW,1,27.0
1390,DARKNESS,THROW,12,22.0
1391,DARKNESS,VOICE,1,33.0
1392,DAWN,EVENING,1,47.0
1393,DAWN,HONEY,1,64.0
1394,DAWN,LAND,1,64.0
1395,DAWN,MIRROR,1,92.0
1396,DAWN,PLACE (POSITION),1,81.0
1397,DAWN,POUND,2,42.0
1398,DAWN,SMOKE (EXHAUST),1,122.0
1399,DAWN,STATUE,1,56.0
1400,DAWN,WINDOW,1,119.0
1401,DECEIT,LEAD (CHEMICAL ELEMENT),1,119.0
1402,DECEIT,LIE (MISLEAD),43,269.0
1403,DECEIT,MAGIC,1,238.0
1404,DECEIT,RABBIT,1,313.0
1405,DECEIT,ROPE,1,238.0
1406,DECEIT,THROW,1,255.0
1407,DECEIT,WRONG,5,275.0
1408,DEER,EARTH (SOIL),1,36.0
1409,DEER,ENEMY,1,86.0
1410,DEER,FLESH,2,130.0
1411,DEER,FOREST,1,16.0
1412,DEER,HARE,1,0.0
1413,DEER,HAY,1,16.0
1414,DEER,HEAD,1,100.0
1415,DEER,HEART,1,0.0
1416,DEER,HONEY,1,5.0
1417,DEER,HORN (ANATOMY),3,27.0
1418,DEER,LAMB,1,95.0
1419,DEER,MUD,1,42.0
1420,DEER,OX,5,48.0
1421,DEER,PAPER,1,52.0
1422,DEER,PIG,1,48.0
1423,DEER,PLAIN,1,80.0
1424,DEER,ROAD,1,75.0
1425,DEER,ROOM,1,37.0
1426,DEER,SCRATCH,1,12.0
1427,DEER,STOVE,1,16.0
1428,DEER,STRAIN,1,141.0
1429,DEER,SUMMER,1,28.0
1430,DEER,WOOD,4,12.0
1431,DEER,WORM,2,28.0
1432,DELIGHT,EMBRACE,1,78.0
1433,DELIGHT,REPAIR,2,39.0
1434,DEW,FROST,1,67.0
1435,DEW,GRAVE,1,8.0
1436,DEW,HARVEST,1,9.0
1437,DEW,ICE,4,70.0
1438,DEW,LIGHTNING,1,0.0
1439,DEW,LIVER,1,22.0
1440,DEW,MALE,1,52.0
1441,DEW,NEEDLE (FOR SEWING),1,67.0
1442,DEW,POST,1,25.0
1443,DEW,POT,1,114.0
1444,DEW,RAIN (PRECIPITATION),2,120.0
1445,DEW,ROPE,1,50.0
1446,DEW,SHIRT,1,62.0
1447,DEW,SPLIT,1,50.0
1448,DEW,SUMMER,2,78.0
1449,DEW,VALLEY,1,8.0
1450,DISGRACE,HATE,1,144.0
1451,DITCH,DOUGH,1,77.0
1452,DITCH,FLAME,1,31.0
1453,DITCH,GRAVE,3,47.0
1454,DITCH,LINE,4,17.0
1455,DITCH,PART,1,22.0
1456,DITCH,PIT (POTHOLE),1,22.0
1457,DITCH,PLAIN,1,69.0
1458,DITCH,PORT,1,80.0
1459,DITCH,RAIN (PRECIPITATION),1,81.0
1460,DITCH,SPLIT,1,89.0
1461,DITCH,SPOON,1,106.0
1462,DITCH,STEAM (VERB),1,16.0
1463,DITCH,TEACHER,1,45.0
1464,DITCH,VALLEY,3,47.0
1465,DIVE,DOLL,1,161.0
1466,DIVE,DOOR,1,108.0
1467,DIVE,GROAN,1,20.0
1468,DIVE,JUMP,3,100.0
1469,DIVE,KICK,1,94.0
1470,DIVE,MONEY,1,75.0
1471,DIVE,SINK (DESCEND),28,103.0
1472,DIVE,SWIM,9,66.0
1473,DIVE,TURN (SOMETHING),1,89.0
1474,DOG,EARTH (SOIL),2,148.0
1475,DOG,EIGHT,1,42.0
1476,DOG,EYE,1,2.0
1477,DOG,FOREST,2,128.0
1478,DOG,FRUIT,1,50.0
1479,DOG,GROUND,1,89.0
1480,DOG,HEAD,1,12.0
1481,DOG,INSECT,1,114.0
1482,DOG,ISLAND,1,120.0
1483,DOG,LINE,1,106.0
1484,DOG,LION,1,75.0
1485,DOG,MARKET,1,159.0
1486,DOG,MOTHER,1,25.0
1487,DOG,NIGHT,2,53.0
1488,DOG,OATH,9,239.0
1489,DOG,PEOPLE,1,112.0
1490,DOG,PIG,1,64.0
1491,DOG,PLACE (POSITION),1,100.0
1492,DOG,POST,1,137.0
1493,DOG,RAKE,1,167.0
1494,DOG,ROAD,2,37.0
1495,DOG,ROPE,1,112.0
1496,DOG,SALT,3,64.0
1497,DOG,SHOULDER,1,95.0
1498,DOG,SMOKE (EXHAUST),1,59.0
1499,DOG,SNAKE,1,120.0
1500,DOG,SPLIT,2,212.0
1501,DOG,SPOON,1,17.0
1502,DOG,STATUE,1,237.0
1503,DOG,SUN,2,12.0
1504,DOG,SWEEP,1,112.0
1505,DOG,VOICE,1,106.0
1506,DOG,WASH,4,17.0
1507,DOG,WATER,6,16.0
1508,DOG,WOMAN,1,89.0
1509,DOG,WOOD,1,100.0
1510,DOG,WOOL,2,78.0
1511,DOG,WRONG,1,75.0
1512,DOOR,DOUGH,1,155.0
1513,DOOR,EARTH (SOIL),2,103.0
1514,DOOR,EDGE,1,94.0
1515,DOOR,EGG,1,28.0
1516,DOOR,EYE,1,47.0
1517,DOOR,HEAD,2,33.0
1518,DOOR,HEAVEN,1,58.0
1519,DOOR,IRON,3,67.0
1520,DOOR,LIVER,1,139.0
1521,DOOR,LOVE,2,89.0
1522,DOOR,MONEY,1,33.0
1523,DOOR,MOTHER,2,70.0
1524,DOOR,MOUNTAIN,1,69.0
1525,DOOR,NEEDLE (FOR SEWING),2,50.0
1526,DOOR,PEOPLE,2,67.0
1527,DOOR,PLACE (POSITION),1,55.0
1528,DOOR,PORT,3,158.0
1529,DOOR,PRIEST,1,197.0
1530,DOOR,ROAD,2,8.0
1531,DOOR,ROPE,2,67.0
1532,DOOR,SAW,1,55.0
1533,DOOR,SNAKE,1,75.0
1534,DOOR,SWORD,1,128.0
1535,DOOR,TOWER,1,139.0
1536,DOOR,WASH,2,28.0
1537,DOOR,WHEAT,2,172.0
1538,DOOR,WILLOW,1,172.0
1539,DOOR,WINDOW,8,17.0
1540,DOOR,WOOD,2,55.0
1541,DOOR,YARD,3,94.0
1542,DOUGH,FIND,1,97.0
1543,DOUGH,HEAD,1,188.0
1544,DOUGH,POUND,1,61.0
1545,DOUGH,ROAD,1,163.0
1546,DOUGH,SMOKE (EXHAUST),1,141.0
1547,DOUGH,VICTORY,1,42.0
1548,DOUGH,WHEAT,1,17.0
1549,DRESS,OWL,1,47.0
1550,DRESS,SHIRT,35,47.0
1551,DRESS,SINK (DESCEND),1,3.0
1552,DRESS,SKIRT,26,36.0
1553,DRINK,EDGE,1,97.0
1554,DRINK,EYE,2,44.0
1555,DRINK,FAT (OBESE),1,25.0
1556,DRINK,FLESH,1,200.0
1557,DRINK,HEAD,2,30.0
1558,DRINK,JAW,1,150.0
1559,DRINK,JUMP,2,11.0
1560,DRINK,KICK,1,17.0
1561,DRINK,LEAD (GUIDE),1,189.0
1562,DRINK,LIE (REST),1,39.0
1563,DRINK,LOCK,1,117.0
1564,DRINK,MARKET,1,117.0
1565,DRINK,OIL (ORGANIC SUBSTANCE),1,92.0
1566,DRINK,PIG,2,22.0
1567,DRINK,PLAY,1,19.0
1568,DRINK,POISON,1,153.0
1569,DRINK,POUND,1,97.0
1570,DRINK,RESCUE,1,156.0
1571,DRINK,SHIVER,1,97.0
1572,DRINK,SMOKE (EXHAUST),1,17.0
1573,DRINK,SMOKE (INHALE),17,17.0
1574,DRINK,SNAKE,1,78.0
1575,DRINK,SWALLOW,8,97.0
1576,DRINK,SWEEP,1,70.0
1577,DRINK,SWELL,1,217.0
1578,DRINK,SWIM,1,45.0
1579,DRINK,THIEF,1,111.0
1580,DRINK,TOUCH,1,58.0
1581,DRINK,TRY,1,18.0
1582,DRINK,VOICE,1,64.0
1583,DRINK,WALK,2,5.0
1584,DRINK,WASH,1,25.0
1585,DRINK,WATER,9,58.0
1586,DRINK,WINTER,1,25.0
1587,DRINK,WOMAN,1,47.0
1588,DRINK,WOOL,2,36.0
1589,DRINK,YARD,1,97.0
1590,DUCK,EIGHT,3,47.0
1591,DUCK,EMBRACE,1,328.0
1592,DUCK,ESCAPE,1,189.0
1593,DUCK,HEN,2,55.0
1594,DUCK,HOLD,1,103.0
1595,DUCK,PAPER,1,65.0
1596,DUCK,PASTURE,1,222.0
1597,DUCK,PHYSICIAN,1,397.0
1598,DUCK,RAKE,1,172.0
1599,DUCK,SNAKE,1,125.0
1600,DUCK,SWIM,1,92.0
1601,DUCK,TOOL,1,136.0
1602,DUCK,UNCLE,1,28.0
1603,DUCK,VOICE,1,111.0
1604,DUCK,WIDOW,1,262.0
1605,DUSK,EVENING,1,122.0
1606,DYE,ELEPHANT,1,170.0
1607,DYE,FAT (ORGANIC SUBSTANCE),1,156.0
1608,DYE,FRUIT,1,173.0
1609,DYE,GREEN,1,167.0
1610,DYE,GUESS,1,100.0
1611,DYE,IRON,1,111.0
1612,DYE,LOOK,1,167.0
1613,DYE,LOVE,1,89.0
1614,DYE,MEDICINE,2,81.0
1615,DYE,OIL (ORGANIC SUBSTANCE),1,89.0
1616,DYE,PAINTING,47,134.0
1617,DYE,PEPPER,1,123.0
1618,DYE,RAKE,1,56.0
1619,DYE,RING,1,184.0
1620,DYE,ROOM,1,148.0
1621,DYE,SAP,1,72.0
1622,DYE,SKIRT,1,134.0
1623,DYE,THROW,1,128.0
1624,DYE,WASH,1,206.0
1625,DYE,WATER,1,239.0
1626,EARTH (SOIL),EARTH (WET SUBSTANCE),2,0.0
1627,EARTH (SOIL),EDGE,2,9.0
1628,EARTH (SOIL),EYE,1,150.0
1629,EARTH (SOIL),FAT (ORGANIC SUBSTANCE),1,81.0
1630,EARTH (SOIL),FLESH,1,94.0
1631,EARTH (SOIL),GARDEN,2,131.0
1632,EARTH (SOIL),GROUND,87,59.0
1633,EARTH (SOIL),HEAD,1,136.0
1634,EARTH (SOIL),HEART,5,36.0
1635,EARTH (SOIL),HEAVEN,1,45.0
1636,EARTH (SOIL),HUNGER,1,42.0
1637,EARTH (SOIL),ISLAND,9,28.0
1638,EARTH (SOIL),LAND,187,31.0
1639,EARTH (SOIL),LIVER,1,36.0
1640,EARTH (SOIL),LOVE,1,14.0
1641,EARTH (SOIL),MEDICINE,1,6.0
1642,EARTH (SOIL),MOTHER,2,173.0
1643,EARTH (SOIL),MOUNTAIN,1,34.0
1644,EARTH (SOIL),MUD,16,78.0
1645,EARTH (SOIL),OTTER,1,66.0
1646,EARTH (SOIL),PASTURE,4,69.0
1647,EARTH (SOIL),PEOPLE,1,36.0
1648,EARTH (SOIL),PLACE (POSITION),17,48.0
1649,EARTH (SOIL),PLAIN,5,44.0
1650,EARTH (SOIL),POT,1,100.0
1651,EARTH (SOIL),PRIEST,1,94.0
1652,EARTH (SOIL),ROPE,2,36.0
1653,EARTH (SOIL),SAND,42,100.0
1654,EARTH (SOIL),STOVE,1,20.0
1655,EARTH (SOIL),SUN,3,136.0
1656,EARTH (SOIL),SWIM,1,61.0
1657,EARTH (SOIL),VILLAGE,2,0.0
1658,EARTH (SOIL),WATER,1,164.0
1659,EARTH (SOIL),WHEAT,2,69.0
1660,EARTH (SOIL),WILLOW,1,69.0
1661,EARTH (SOIL),WOOD,3,48.0
1662,EARTH (SOIL),WORM,1,64.0
1663,EARTH (SOIL),WOUND,1,55.0
1664,EARTH (SOIL),YEAR,1,48.0
1665,EARTH (WET SUBSTANCE),GROUND,2,59.0
1666,EARTH (WET SUBSTANCE),WOMAN,1,59.0
1667,EDGE,EGG,3,122.0
1668,EDGE,ESCAPE,1,45.0
1669,EDGE,EYE,1,141.0
1670,EDGE,FACE,3,142.0
1671,EDGE,FEVER,1,50.0
1672,EDGE,FRUIT,1,89.0
1673,EDGE,GARDEN,1,122.0
1674,EDGE,HALF,2,41.0
1675,EDGE,HEAD,1,127.0
1676,EDGE,HELP,1,86.0
1677,EDGE,LAND,2,22.0
1678,EDGE,LINE,1,33.0
1679,EDGE,PART,4,6.0
1680,EDGE,PIG,1,75.0
1681,EDGE,PLAIN,1,53.0
1682,EDGE,SERVANT,1,98.0
1683,EDGE,SHIELD,1,42.0
1684,EDGE,SHIP,1,59.0
1685,EDGE,SMILE,1,100.0
1686,EDGE,SWIM,1,52.0
1687,EDGE,WAIST,1,17.0
1688,EDGE,WINTER,1,72.0
1689,EDGE,WOOD,1,39.0
1690,EGG,ELBOW,1,51.0
1691,EGG,EYE,3,19.0
1692,EGG,FACE,1,20.0
1693,EGG,FAMILY,1,94.0
1694,EGG,FAT (ORGANIC SUBSTANCE),7,50.0
1695,EGG,FEVER,1,172.0
1696,EGG,FIGHT,1,75.0
1697,EGG,FRUIT,28,33.0
1698,EGG,GREEN,2,39.0
1699,EGG,GROUND,2,72.0
1700,EGG,HEAD,3,5.0
1701,EGG,HEART,5,95.0
1702,EGG,HORN (ANATOMY),1,122.0
1703,EGG,KNEE,3,45.0
1704,EGG,LIVER,2,167.0
1705,EGG,MALE,2,197.0
1706,EGG,MARKET,1,142.0
1707,EGG,MOUNTAIN,3,97.0
1708,EGG,NEEDLE (FOR SEWING),1,78.0
1709,EGG,OAK,1,125.0
1710,EGG,PIG,2,47.0
1711,EGG,POT,1,31.0
1712,EGG,REED,1,183.0
1713,EGG,ROPE,1,95.0
1714,EGG,SMOKE (EXHAUST),2,42.0
1715,EGG,SNAKE,2,103.0
1716,EGG,SUN,1,5.0
1717,EGG,VILLAGE,1,131.0
1718,EGG,WATER,4,33.0
1719,EIGHT,ELBOW,1,26.0
1720,EIGHT,EXCHANGE,1,232.0
1721,EIGHT,FOREST,1,86.0
1722,EIGHT,HATE,1,67.0
1723,EIGHT,NIGHT,4,11.0
1724,EIGHT,ROPE,1,70.0
1725,EIGHT,SONG,1,31.0
1726,EIGHT,STABLE,1,81.0
1727,EIGHT,STRAIN,1,211.0
1728,EIGHT,WATER,1,58.0
1729,ELBOW,EYE,2,70.0
1730,ELBOW,GRANDMOTHER,1,29.0
1731,ELBOW,GRIEF,1,213.0
1732,ELBOW,HEAD,2,56.0
1733,ELBOW,HILL,1,19.0
1734,ELBOW,HUMP,1,132.0
1735,ELBOW,KNEE,53,6.0
1736,ELBOW,LOCK,3,91.0
1737,ELBOW,NAIL (TOOL),1,35.0
1738,ELBOW,SHOULDER,1,27.0
1739,ELECTRICITY,FIREWOOD,1,69.0
1740,ELECTRICITY,FLAME,2,139.0
1741,ELECTRICITY,LIGHTNING,2,69.0
1742,ELEPHANT,ENVY,1,209.0
1743,ELEPHANT,HEAD,1,41.0
1744,ELEPHANT,HORN (ANATOMY),1,86.0
1745,ELEPHANT,LETTER,1,34.0
1746,ELEPHANT,LIGHTNING,1,109.0
1747,ELEPHANT,POST,1,84.0
1748,ELEPHANT,RAIN (RAINING),2,11.0
1749,ELEPHANT,STATUE,1,184.0
1750,ELEPHANT,VOICE,1,53.0
1751,ELEPHANT,WHEAT,1,164.0
1752,EMBRACE,EVENING,1,189.0
1753,EMBRACE,FAT (OBESE),1,256.0
1754,EMBRACE,FIGHT,1,231.0
1755,EMBRACE,GROAN,1,150.0
1756,EMBRACE,HIDE (CONCEAL),1,236.0
1757,EMBRACE,HOLD,15,225.0
1758,EMBRACE,INCREASE,1,73.0
1759,EMBRACE,JUMP,1,270.0
1760,EMBRACE,LAMP,1,209.0
1761,EMBRACE,LENGTH,1,170.0
1762,EMBRACE,LIE (MISLEAD),1,242.0
1763,EMBRACE,LIFT,2,181.0
1764,EMBRACE,LOOK,1,267.0
1765,EMBRACE,LOVE,1,189.0
1766,EMBRACE,MEDICINE,2,181.0
1767,EMBRACE,PIG,1,259.0
1768,EMBRACE,REFUSE,1,98.0
1769,EMBRACE,REPAIR,1,117.0
1770,EMBRACE,RING,1,284.0
1771,EMBRACE,SCRATCH,1,223.0
1772,EMBRACE,SHIVER,1,184.0
1773,EMBRACE,SPLIT,1,111.0
1774,EMBRACE,STRAIN,1,70.0
1775,EMBRACE,SWEEP,1,211.0
1776,EMBRACE,SWELL,1,64.0
1777,EMBRACE,THREAD,1,225.0
1778,EMBRACE,TOUCH,1,223.0
1779,EMBRACE,TRY,1,263.0
1780,EMBRACE,TURN,1,259.0
1781,EMBRACE,TURN (SOMETHING),1,259.0
1782,EMBRACE,VILLAGE,1,175.0
1783,EMBRACE,WALK,1,286.0
1784,EMBRACE,WASH,1,306.0
1785,ENEMY,EWE,1,11.0
1786,ENEMY,FIGHT,1,106.0
1787,ENEMY,FIND,1,95.0
1788,ENEMY,GRANDFATHER,1,153.0
1789,ENEMY,GRANDMOTHER,1,159.0
1790,ENEMY,ROPE,1,86.0
1791,ENEMY,SNAKE,2,78.0
1792,ENEMY,SOLDIER,1,92.0
1793,ENEMY,STRANGER,2,45.0
1794,ENEMY,VOICE,1,92.0
1795,ENEMY,WAR,2,53.0
1796,ENVY,HATE,5,153.0
1797,ESCAPE,LIFT,1,42.0
1798,ESCAPE,MOUSE,1,111.0
1799,EVENING,NIGHT,56,81.0
1800,EVENING,OIL (ORGANIC SUBSTANCE),1,0.0
1801,EVENING,RAIN (PRECIPITATION),1,92.0
1802,EVENING,SUN,3,122.0
1803,EVENING,TOUCH,1,34.0
1804,EVENING,WALK,1,97.0
1805,EVENING,WEST,4,39.0
1806,EWE,ISLAND,1,89.0
1807,EWE,LAMB,9,192.0
1808,EWE,OX,2,49.0
1809,EWE,SHIP,1,129.0
1810,EWE,WOOL,2,131.0
1811,EXCHANGE,MOUNTAIN,1,160.0
1812,EXCHANGE,STRENGTH,1,118.0
1813,EXCHANGE,SWEEP,1,162.0
1814,EXCHANGE,TOBACCO,1,77.0
1815,EYE,FACE,41,1.0
1816,EYE,FIGHT,1,94.0
1817,EYE,FROST,1,97.0
1818,EYE,FRUIT,5,52.0
1819,EYE,GRANDFATHER,2,47.0
1820,EYE,GRAPE,1,130.0
1821,EYE,GREEN,6,58.0
1822,EYE,GROUND,2,91.0
1823,EYE,HEAD,4,14.0
1824,EYE,HEART,1,114.0
1825,EYE,HONEY,1,119.0
1826,EYE,KNEE,1,64.0
1827,EYE,LEAD (GUIDE),1,233.0
1828,EYE,LOOK,4,58.0
1829,EYE,MOTHER,1,23.0
1830,EYE,MOUNTAIN,4,116.0
1831,EYE,NEEDLE (FOR SEWING),1,97.0
1832,EYE,NOSE,1,39.0
1833,EYE,PEOPLE,1,114.0
1834,EYE,PILLOW,1,50.0
1835,EYE,PRIEST,1,244.0
1836,EYE,ROOM,1,77.0
1837,EYE,ROPE,1,114.0
1838,EYE,SCALE,1,230.0
1839,EYE,SINK (DESCEND),1,52.0
1840,EYE,SKIRT,1,91.0
1841,EYE,SMOKE (EXHAUST),1,61.0
1842,EYE,SNAKE,2,122.0
1843,EYE,SONG,1,75.0
1844,EYE,SUN,4,14.0
1845,EYE,TEAR (OF EYE),1,97.0
1846,EYE,THIEF,1,155.0
1847,EYE,VINE,2,258.0
1848,EYE,WAIST,1,158.0
1849,EYE,WALK,2,39.0
1850,EYE,WATER,4,14.0
1851,EYE,WINDOW,1,64.0
1852,EYE,WOOD,1,102.0
1853,FACE,FIREWOOD,1,165.0
1854,FACE,FRUIT,2,53.0
1855,FACE,GIRL,1,17.0
1856,FACE,HEAD,2,15.0
1857,FACE,HONEY,1,120.0
1858,FACE,IRON,1,115.0
1859,FACE,JAW,5,195.0
1860,FACE,LIVER,1,187.0
1861,FACE,NOSE,4,40.0
1862,FACE,PUNISHMENT,1,176.0
1863,FACE,SEASON,3,162.0
1864,FACE,SKIRT,1,92.0
1865,FACE,TURN (SOMETHING),1,67.0
1866,FACE,WAIST,1,159.0
1867,FACE,WOUND,3,206.0
1868,FAMILY,FLESH,1,131.0
1869,FAMILY,HEAVEN,1,8.0
1870,FAMILY,HOME,2,47.0
1871,FAMILY,MOUNTAIN,1,3.0
1872,FAMILY,NEEDLE (FOR SEWING),1,16.0
1873,FAMILY,NEIGHBOUR,2,43.0
1874,FAMILY,PEOPLE,5,1.0
1875,FAMILY,PLACE (POSITION),1,11.0
1876,FAMILY,ROOM,5,36.0
1877,FAMILY,ROPE,2,1.0
1878,FAMILY,SHAME,1,87.0
1879,FAMILY,SKIRT,1,22.0
1880,FAMILY,TENT,1,3.0
1881,FAMILY,YARD,1,28.0
1882,FAT (FOR NOURISHMENT),FAT (OBESE),1,0.0
1883,FAT (FOR NOURISHMENT),OIL (HYDROPHOBIC LIQUID),3,67.0
1884,FAT (FROM ANIMALS),FAT (ORGANIC SUBSTANCE),2,0.0
1885,FAT (FROM ANIMALS),GRAPE,1,61.0
1886,FAT (FROM ANIMALS),HIDE (CONCEAL),1,20.0
1887,FAT (FROM ANIMALS),OIL (ORGANIC SUBSTANCE),1,67.0
1888,FAT (FROM ANIMALS),SINK (DESCEND),1,17.0
1889,FAT (OBESE),FAT (OF MEAT AND FOOD),7,0.0
1890,FAT (OBESE),FAT (ORGANIC SUBSTANCE),35,0.0
1891,FAT (OBESE),FIGHT,2,25.0
1892,FAT (OBESE),GROAN,1,106.0
1893,FAT (OBESE),HIDE (CONCEAL),1,20.0
1894,FAT (OBESE),HOLD,1,31.0
1895,FAT (OBESE),INCREASE,1,183.0
1896,FAT (OBESE),JUMP,1,14.0
1897,FAT (OBESE),LIE (REST),1,14.0
1898,FAT (OBESE),LIVER,1,117.0
1899,FAT (OBESE),LOOK,1,11.0
1900,FAT (OBESE),OIL (ORGANIC SUBSTANCE),8,67.0
1901,FAT (OBESE),POUND,1,72.0
1902,FAT (OBESE),REFUSE,1,158.0
1903,FAT (OBESE),REPAIR,1,139.0
1904,FAT (OBESE),SCRATCH,1,33.0
1905,FAT (OBESE),SHIVER,2,72.0
1906,FAT (OBESE),SINK (DESCEND),1,17.0
1907,FAT (OBESE),SPLIT,1,145.0
1908,FAT (OBESE),STRAIN,1,186.0
1909,FAT (OBESE),SWALLOW,1,72.0
1910,FAT (OBESE),SWEEP,2,45.0
1911,FAT (OBESE),SWELL,1,192.0
1912,FAT (OBESE),TRY,2,7.0
1913,FAT (OBESE),TURN,1,3.0
1914,FAT (OBESE),TURN (SOMETHING),1,3.0
1915,FAT (OBESE),WALK,2,30.0
1916,FAT (OBESE),WASH,1,50.0
1917,FAT (OBESE),WINTER,2,0.0
1918,FAT (OF MEAT AND FOOD),OIL (ORGANIC SUBSTANCE),1,67.0
1919,FAT (ORGANIC SUBSTANCE),FLESH,3,175.0
1920,FAT (ORGANIC SUBSTANCE),GARDEN,1,50.0
1921,FAT (ORGANIC SUBSTANCE),GRANDFATHER,4,22.0
1922,FAT (ORGANIC SUBSTANCE),GRANDMOTHER,2,28.0
1923,FAT (ORGANIC SUBSTANCE),GRAPE,1,61.0
1924,FAT (ORGANIC SUBSTANCE),GRAVE,1,103.0
1925,FAT (ORGANIC SUBSTANCE),GUN,1,8.0
1926,FAT (ORGANIC SUBSTANCE),HONEY,3,50.0
1927,FAT (ORGANIC SUBSTANCE),LOVE,1,67.0
1928,FAT (ORGANIC SUBSTANCE),MOUNTAIN,1,47.0
1929,FAT (ORGANIC SUBSTANCE),NOSE,3,30.0
1930,FAT (ORGANIC SUBSTANCE),OIL (ORGANIC SUBSTANCE),97,67.0
1931,FAT (ORGANIC SUBSTANCE),PAINTING,1,22.0
1932,FAT (ORGANIC SUBSTANCE),PASTURE,2,150.0
1933,FAT (ORGANIC SUBSTANCE),PEPPER,1,33.0
1934,FAT (ORGANIC SUBSTANCE),PLACE (POSITION),1,33.0
1935,FAT (ORGANIC SUBSTANCE),POTATO,2,3.0
1936,FAT (ORGANIC SUBSTANCE),RAIN (PRECIPITATION),1,25.0
1937,FAT (ORGANIC SUBSTANCE),RING,1,28.0
1938,FAT (ORGANIC SUBSTANCE),ROOM,1,8.0
1939,FAT (ORGANIC SUBSTANCE),SALT,3,3.0
1940,FAT (ORGANIC SUBSTANCE),SAP,1,228.0
1941,FAT (ORGANIC SUBSTANCE),SEASON,1,92.0
1942,FAT (ORGANIC SUBSTANCE),SKIRT,1,22.0
1943,FAT (ORGANIC SUBSTANCE),SUMMER,1,17.0
1944,FAT (ORGANIC SUBSTANCE),SUN,2,55.0
1945,FAT (ORGANIC SUBSTANCE),TOUCH,1,33.0
1946,FAT (ORGANIC SUBSTANCE),VILLAGE,1,81.0
1947,FAT (ORGANIC SUBSTANCE),VINE,1,189.0
1948,FAT (ORGANIC SUBSTANCE),WALK,2,30.0
1949,FAT (ORGANIC SUBSTANCE),WASH,2,50.0
1950,FAT (ORGANIC SUBSTANCE),WATER,1,83.0
1951,FAT (ORGANIC SUBSTANCE),WINTER,1,0.0
1952,FAT (ORGANIC SUBSTANCE),WORM,1,17.0
1953,FEVER,FLAME,8,97.0
1954,FEVER,HEAT,8,80.0
1955,FEVER,HELL,1,44.0
1956,FEVER,HOLD,1,91.0
1957,FEVER,PIG,1,125.0
1958,FEVER,POISON,1,6.0
1959,FEVER,ROAD,1,152.0
1960,FEVER,SHIVER,10,50.0
1961,FEVER,SMOKE (EXHAUST),1,130.0
1962,FEVER,SUN,1,177.0
1963,FEVER,THREAD,1,91.0
1964,FEVER,TOE,1,164.0
1965,FEVER,ULCER,1,159.0
1966,FIGHT,GROAN,1,81.0
1967,FIGHT,GUESS,2,31.0
1968,FIGHT,HAMMER,1,17.0
1969,FIGHT,HARVEST,1,61.0
1970,FIGHT,HEAD,2,80.0
1971,FIGHT,HIDE (CONCEAL),1,5.0
1972,FIGHT,HOLD,5,6.0
1973,FIGHT,INCREASE,1,158.0
1974,FIGHT,JUMP,1,39.0
1975,FIGHT,KICK,1,33.0
1976,FIGHT,LOOK,1,36.0
1977,FIGHT,MAGIC,1,20.0
1978,FIGHT,MALE,1,122.0
1979,FIGHT,MARKET,1,67.0
1980,FIGHT,OVEN,1,25.0
1981,FIGHT,PLAY,1,69.0
1982,FIGHT,POUND,4,47.0
1983,FIGHT,REFUSE,1,133.0
1984,FIGHT,REPAIR,1,114.0
1985,FIGHT,SCRATCH,3,8.0
1986,FIGHT,SHIVER,1,47.0
1987,FIGHT,SLAVE,1,125.0
1988,FIGHT,SNAKE,1,28.0
1989,FIGHT,SPLIT,1,120.0
1990,FIGHT,STRAIN,1,161.0
1991,FIGHT,SWEEP,1,20.0
1992,FIGHT,SWELL,3,167.0
1993,FIGHT,SWIM,1,5.0
1994,FIGHT,TOUCH,1,8.0
1995,FIGHT,TRY,2,32.0
1996,FIGHT,TURN,1,28.0
1997,FIGHT,TURN (SOMETHING),1,28.0
1998,FIGHT,VILLAGE,1,56.0
1999,FIGHT,WALK,1,55.0
2000,FIGHT,WAR,1,53.0
2001,FIGHT,WASH,1,75.0
2002,FIGHT,WOMAN,2,3.0
2003,FIGHT,WORM,1,8.0
2004,FIGHT,YEAR,1,8.0
2005,FIND,GUESS,2,20.0
2006,FIND,HARVEST,1,50.0
2007,FIND,HEAD,1,91.0
2008,FIND,HOLD,1,5.0
2009,FIND,LOOK,4,47.0
2010,FIND,MEASURE,1,72.0
2011,FIND,PAINTING,1,14.0
2012,FIND,RESCUE,1,95.0
2013,FIND,ROAD,1,66.0
2014,FIND,TRY,1,43.0
2015,FIND,WOMAN,1,14.0
2016,FIND,YEAR,1,3.0
2017,FINISH,FRUIT,1,81.0
2018,FINISH,HIDE (CONCEAL),1,44.0
2019,FINISH,MONEY,1,53.0
2020,FINISH,RESCUE,2,67.0
2021,FINISH,ROAD,1,94.0
2022,FINISH,SCRATCH,1,31.0
2023,FINISH,THREAD,3,33.0
2024,FINISH,VICTORY,2,111.0
2025,FIREWOOD,FLAME,1,70.0
2026,FIREWOOD,FOREST,1,34.0
2027,FIREWOOD,HEART,10,50.0
2028,FIREWOOD,HELL,1,17.0
2029,FIREWOOD,HIDE (CONCEAL),1,75.0
2030,FIREWOOD,HUNGER,1,56.0
2031,FIREWOOD,LEAD (GUIDE),1,69.0
2032,FIREWOOD,LIVER,2,22.0
2033,FIREWOOD,MARKET,1,3.0
2034,FIREWOOD,MONEY,1,84.0
2035,FIREWOOD,MOUNTAIN,1,48.0
2036,FIREWOOD,NUMBER,1,92.0
2037,FIREWOOD,PAPER,1,102.0
2038,FIREWOOD,POST,1,25.0
2039,FIREWOOD,SHAME,1,36.0
2040,FIREWOOD,SHIRT,2,62.0
2041,FIREWOOD,SINK (DESCEND),1,112.0
2042,FIREWOOD,STOVE,1,34.0
2043,FIREWOOD,SWEEP,10,50.0
2044,FIREWOOD,TAX,1,138.0
2045,FIREWOOD,TEAR (SHRED),3,67.0
2046,FIREWOOD,TIN (METAL),2,45.0
2047,FIREWOOD,WAIST,1,6.0
2048,FIREWOOD,WOOD,138,62.0
2049,FIREWOOD,YEAR,1,62.0
2050,FISHERMAN,THIEF,1,33.0
2051,FLAME,HELL,3,53.0
2052,FLAME,LIGHTNING,2,70.0
2053,FLAME,RAIN (PRECIPITATION),1,50.0
2054,FLAME,SMOKE (EXHAUST),3,33.0
2055,FLAME,TOBACCO,1,105.0
2056,FLASH (VERB),LIGHTNING,4,17.0
2057,FLESH,FRUIT,1,192.0
2058,FLESH,HOLD,1,144.0
2059,FLESH,LAND,1,125.0
2060,FLESH,MIRROR,1,153.0
2061,FLESH,NEEDLE (FOR SEWING),1,147.0
2062,FLESH,PLACE (POSITION),1,142.0
2063,FLESH,POT,1,194.0
2064,FLESH,SHRIEK,1,5.0
2065,FLESH,SMOKE (EXHAUST),3,183.0
2066,FLESH,SMOKE (INHALE),2,183.0
2067,FLESH,SNAKE,1,122.0
2068,FLESH,SWIM,1,155.0
2069,FLESH,THIEF,1,89.0
2070,FLESH,THREAD,1,144.0
2071,FLESH,WEDDING,1,97.0
2072,FLESH,WEST,1,69.0
2073,FOREST,GARDEN,2,111.0
2074,FOREST,GRAPE,1,0.0
2075,FOREST,HEAD,1,116.0
2076,FOREST,HEART,1,16.0
2077,FOREST,HILL,1,41.0
2078,FOREST,HOLD,2,30.0
2079,FOREST,INSECT,1,14.0
2080,FOREST,ISLAND,1,8.0
2081,FOREST,LAND,2,11.0
2082,FOREST,LATCH,1,89.0
2083,FOREST,LIVER,2,56.0
2084,FOREST,MEDICINE,2,14.0
2085,FOREST,MOUNTAIN,10,14.0
2086,FOREST,MOUSE,1,55.0
2087,FOREST,MUD,1,58.0
2088,FOREST,NIGHT,1,75.0
2089,FOREST,PASTURE,4,89.0
2090,FOREST,PLAIN,1,64.0
2091,FOREST,POUND,1,11.0
2092,FOREST,PRIEST,1,114.0
2093,FOREST,REFUSE,1,97.0
2094,FOREST,SALT,1,64.0
2095,FOREST,SHIVER,1,11.0
2096,FOREST,SHOULDER,1,33.0
2097,FOREST,THROW,1,33.0
2098,FOREST,VILLAGE,3,20.0
2099,FOREST,VINE,1,128.0
2100,FOREST,WOOD,29,28.0
2101,FOREST,WORM,1,44.0
2102,FORK,FRUIT,1,6.0
2103,FORK,HOME,1,8.0
2104,FORK,JAW,1,136.0
2105,FORK,LAND (DESCEND),1,61.0
2106,FORK,NAIL (TOOL),1,47.0
2107,FORK,NOSE,1,19.0
2108,FORK,RAKE,3,111.0
2109,FORK,SPOON,6,39.0
2110,FORK,SWORD,1,117.0
2111,FORK,TEAR (OF EYE),1,39.0
2112,FOX,FROST,1,19.0
2113,FOX,ICE,2,22.0
2114,FOX,LION,1,39.0
2115,FOX,PIG,1,50.0
2116,FOX,RYE,1,217.0
2117,FOX,SONG,1,41.0
2118,FROG,GREEN,1,33.0
2119,FROG,HARVEST,1,64.0
2120,FROG,HOOF,1,48.0
2121,FROG,LATCH,1,128.0
2122,FROG,LOCK,2,70.0
2123,FROG,NOSE,1,52.0
2124,FROG,OX,1,71.0
2125,FROG,POST,2,48.0
2126,FROG,SUN,1,77.0
2127,FROG,THIEF,1,64.0
2128,FROG,UNCLE,1,66.0
2129,FROG,WATER,1,105.0
2130,FROST,GREEN,1,39.0
2131,FROST,GUESS,1,28.0
2132,FROST,ICE,13,3.0
2133,FROST,LOOK,3,39.0
2134,FROST,SALT,1,31.0
2135,FROST,SCRATCH,1,5.0
2136,FROST,SPIKE,1,89.0
2137,FRUIT,GRANDMOTHER,1,11.0
2138,FRUIT,HARVEST,6,103.0
2139,FRUIT,HEAD,3,38.0
2140,FRUIT,HEART,39,62.0
2141,FRUIT,HILL,1,37.0
2142,FRUIT,LAND (DESCEND),1,67.0
2143,FRUIT,LIE (MISLEAD),1,31.0
2144,FRUIT,LINE,1,56.0
2145,FRUIT,LIVER,1,134.0
2146,FRUIT,LOOK,1,6.0
2147,FRUIT,LOVE,3,84.0
2148,FRUIT,MOUNTAIN,2,64.0
2149,FRUIT,NIGHT,2,3.0
2150,FRUIT,NOSE,1,13.0
2151,FRUIT,PLACE (POSITION),1,50.0
2152,FRUIT,RAIN (PRECIPITATION),1,8.0
2153,FRUIT,ROPE,1,62.0
2154,FRUIT,SNAKE,1,70.0
2155,FRUIT,TEAR (SHRED),1,45.0
2156,FRUIT,TRY,1,10.0
2157,FRUIT,VILLAGE,1,98.0
2158,FRUIT,VOICE,1,56.0
2159,FRUIT,WASH,1,33.0
2160,GAME,PLAY,8,50.0
2161,GAME,SCHOOL,1,14.0
2162,GARDEN,GRAPE,4,111.0
2163,GARDEN,GRIEF,1,264.0
2164,GARDEN,GROUND,3,72.0
2165,GARDEN,HOLD,1,81.0
2166,GARDEN,LAND,2,100.0
2167,GARDEN,MALE,2,197.0
2168,GARDEN,MUD,1,53.0
2169,GARDEN,PART,2,128.0
2170,GARDEN,PIG,1,47.0
2171,GARDEN,PLACE (POSITION),1,83.0
2172,GARDEN,PLAIN,4,175.0
2173,GARDEN,RAIN (PRECIPITATION),1,25.0
2174,GARDEN,SCRATCH,1,83.0
2175,GARDEN,SHOULDER,1,78.0
2176,GARDEN,SNAKE,1,103.0
2177,GARDEN,STABLE,1,106.0
2178,GARDEN,SWEEP,1,95.0
2179,GARDEN,SWIM,1,70.0
2180,GARDEN,TOUCH,1,83.0
2181,GARDEN,VILLAGE,4,131.0
2182,GARDEN,WAIST,1,139.0
2183,GARDEN,YARD,10,122.0
2184,GARDEN,YEAR,1,83.0
2185,GIRL,POST,1,123.0
2186,GIRL,STRANGER,1,139.0
2187,GIRL,WOMAN,12,75.0
2188,GLOVE,RING,1,20.0
2189,GOVERNMENT,MINISTER,1,111.0
2190,GOVERNMENT,PRESIDENT,3,5.0
2191,GOVERNMENT,QUEEN,1,206.0
2192,GRANDFATHER,GRANDMOTHER,130,6.0
2193,GRANDFATHER,HEAD,1,33.0
2194,GRANDFATHER,MALE (OF PERSON),1,169.0
2195,GRANDFATHER,MIRROR,1,44.0
2196,GRANDFATHER,PRIEST,1,197.0
2197,GRANDFATHER,SALT,1,19.0
2198,GRANDFATHER,SPIRIT,1,175.0
2199,GRANDFATHER,SUN,1,33.0
2200,GRANDFATHER,UNCLE,5,22.0
2201,GRANDFATHER,WOOD,1,55.0
2202,GRANDMOTHER,HALF,1,59.0
2203,GRANDMOTHER,HIDE,1,48.0
2204,GRANDMOTHER,HORN (ANATOMY),1,100.0
2205,GRANDMOTHER,LOOK,1,17.0
2206,GRANDMOTHER,MOTHER,9,64.0
2207,GRANDMOTHER,NIGHT,1,14.0
2208,GRANDMOTHER,REED,1,161.0
2209,GRANDMOTHER,RETREAT,1,223.0
2210,GRANDMOTHER,SALT,1,25.0
2211,GRANDMOTHER,SHOULDER,1,56.0
2212,GRANDMOTHER,WOMAN,2,50.0
2213,GRAPE,HARVEST,1,25.0
2214,GRAPE,OIL (ORGANIC SUBSTANCE),1,6.0
2215,GRAPE,VINE,16,128.0
2216,GRAPE,WILLOW,1,89.0
2217,GRAPE,WINE,9,106.0
2218,GRAPE,WINTER,1,61.0
2219,GRAVE,HARVEST,1,17.0
2220,GRAVE,LAND,1,53.0
2221,GRAVE,PIT (POTHOLE),5,25.0
2222,GRAVE,PLAIN,1,22.0
2223,GRAVE,RAIN (PRECIPITATION),1,128.0
2224,GRAVE,SECOND,1,50.0
2225,GRAVE,TOUCH,2,70.0
2226,GRAVE,WOOD,1,70.0
2227,GRAVE,WOUND,1,33.0
2228,GREEN,LAND (DESCEND),1,61.0
2229,GREEN,LOCK,3,103.0
2230,GREEN,LOOK,1,0.0
2231,GREEN,MONEY,1,22.0
2232,GREEN,PAPER,1,4.0
2233,GREEN,RAIN (PRECIPITATION),1,14.0
2234,GREEN,RATTLE,2,36.0
2235,GREEN,SNAKE,1,64.0
2236,GREEN,THROW,1,39.0
2237,GREEN,TOUCH,1,44.0
2238,GREEN,VALLEY,1,114.0
2239,GREEN,WASH,1,39.0
2240,GREEN,WORM,2,28.0
2241,GREEN,WRONG,1,19.0
2242,GRIEF,GROAN,1,108.0
2243,GRIEF,LOVE,1,147.0
2244,GRIEF,MALE (OF ANIMAL),1,67.0
2245,GRIEF,PITY,7,97.0
2246,GRIEF,PUNISHMENT,1,108.0
2247,GRIEF,REGRET,16,22.0
2248,GRIEF,RUG,1,217.0
2249,GRIEF,SHAME,3,83.0
2250,GRIEF,WOUND,1,78.0
2251,GROAN,HATE,1,64.0
2252,GROAN,HIDE (CONCEAL),1,86.0
2253,GROAN,HOLD,1,75.0
2254,GROAN,HOWL,8,73.0
2255,GROAN,INCREASE,1,77.0
2256,GROAN,JUMP,1,120.0
2257,GROAN,LOOK,1,117.0
2258,GROAN,REFUSE,1,52.0
2259,GROAN,REGRET,1,86.0
2260,GROAN,REPAIR,1,33.0
2261,GROAN,SCRATCH,1,73.0
2262,GROAN,SHIVER,1,34.0
2263,GROAN,SHRIEK,12,64.0
2264,GROAN,SPLIT,1,39.0
2265,GROAN,STRAIN,1,80.0
2266,GROAN,SWEEP,1,61.0
2267,GROAN,SWELL,1,86.0
2268,GROAN,TRY,1,113.0
2269,GROAN,TURN,1,109.0
2270,GROAN,TURN (SOMETHING),1,109.0
2271,GROAN,VOICE,1,67.0
2272,GROAN,WALK,1,136.0
2273,GROAN,WASH,1,156.0
2274,GROAN,WEATHER,1,50.0
2275,GROUND,HEAD,1,77.0
2276,GROUND,HILL,1,2.0
2277,GROUND,HUNGER,1,17.0
2278,GROUND,ISLAND,1,31.0
2279,GROUND,LAND,8,28.0
2280,GROUND,LENGTH,1,64.0
2281,GROUND,LIVER,1,95.0
2282,GROUND,MALE,1,125.0
2283,GROUND,MOUNTAIN,1,25.0
2284,GROUND,MUD,3,19.0
2285,GROUND,PLACE (POSITION),9,11.0
2286,GROUND,RAIN (PRECIPITATION),4,47.0
2287,GROUND,ROPE,1,23.0
2288,GROUND,SAND,1,41.0
2289,GROUND,SCRATCH,1,11.0
2290,GROUND,SPEECH,1,111.0
2291,GROUND,SUN,4,77.0
2292,GROUND,SWIM,1,2.0
2293,GROUND,WATER,4,105.0
2294,GROUND,WILLOW,1,128.0
2295,GUARD,HERDSMAN,2,114.0
2296,GUARD,HOLD,2,77.0
2297,GUARD,INTENTION,1,137.0
2298,GUARD,LEAD (GUIDE),1,56.0
2299,GUARD,LOOK,1,119.0
2300,GUARD,NOSE,1,138.0
2301,GUARD,ORDER,1,0.0
2302,GUARD,RESCUE,1,23.0
2303,GUARD,SEASON,2,16.0
2304,GUARD,SHIELD,1,6.0
2305,GUARD,SHIP,1,95.0
2306,GUARD,SOLDIER,3,69.0
2307,GUARD,VOICE,3,69.0
2308,GUARD,WOOL,1,97.0
2309,GUESS,HELP,1,70.0
2310,GUESS,LIE (MISLEAD),1,42.0
2311,GUESS,LOVE,1,11.0
2312,GUESS,MEASURE,3,52.0
2313,GUESS,REGRET,1,136.0
2314,GUESS,ROAD,1,86.0
2315,GUESS,SAW,1,23.0
2316,GUESS,SKIRT,1,34.0
2317,GUESS,SUSPECT,13,180.0
2318,GUESS,SWALLOW,1,16.0
2319,GUESS,SWELL,1,136.0
2320,GUESS,WASH,1,106.0
2321,GUN,HORN (ANATOMY),1,80.0
2322,GUN,STING,1,33.0
2323,GUN,SWEEP,1,53.0
2324,HAIL,HIDE (ONESELF),1,98.0
2325,HAIL,SILVER,1,37.0
2326,HALF,HATE,1,11.0
2327,HALF,HEN,1,48.0
2328,HALF,HORN (INSTRUMENT),1,41.0
2329,HALF,LAMP,1,16.0
2330,HALF,LATCH,1,119.0
2331,HALF,PART,26,47.0
2332,HALF,PIG,1,34.0
2333,HALF,PLACE (POSITION),1,2.0
2334,HALF,POCKET,1,39.0
2335,HALF,POISON,1,97.0
2336,HALF,SCRATCH,1,2.0
2337,HALF,SHIRT,1,2.0
2338,HALF,WAIST,1,58.0
2339,HAMMER,NAIL (TOOL),1,6.0
2340,HAMMER,POUND,3,30.0
2341,HAMMER,UNCLE,1,86.0
2342,HARE,RABBIT,30,75.0
2343,HARE,WOOD,1,12.0
2344,HARVEST,KNEE,1,91.0
2345,HARVEST,SUMMER,3,69.0
2346,HATE,RAIN (PRECIPITATION),1,67.0
2347,HATE,REFUSE,8,116.0
2348,HATE,RESCUE,1,89.0
2349,HATE,SHIRT,1,9.0
2350,HATE,TIN (METAL),1,8.0
2351,HATE,WAIST,1,47.0
2352,HATE,WOUND,1,94.0
2353,HAY,HORN (ANATOMY),1,11.0
2354,HAY,MALE (OF ANIMAL),1,86.0
2355,HAY,MALE (OF PERSON),1,86.0
2356,HAY,MEDICINE,2,14.0
2357,HAY,PASTURE,3,89.0
2358,HAY,REED,7,72.0
2359,HAY,WAIST,1,28.0
2360,HAY,WHEAT,1,89.0
2361,HEAD,HILL,2,75.0
2362,HEAD,HONEY,1,105.0
2363,HEAD,IRON,1,100.0
2364,HEAD,KNEE,4,50.0
2365,HEAD,LAND (DESCEND),1,105.0
2366,HEAD,MARKET,1,147.0
2367,HEAD,MOTHER,3,37.0
2368,HEAD,MOUNTAIN,3,102.0
2369,HEAD,NEEDLE (FOR SEWING),2,83.0
2370,HEAD,NOSE,2,25.0
2371,HEAD,OIL (ORGANIC SUBSTANCE),3,122.0
2372,HEAD,PART,1,133.0
2373,HEAD,PEOPLE,1,100.0
2374,HEAD,PILLOW,1,36.0
2375,HEAD,POTATO,1,52.0
2376,HEAD,POUND,1,127.0
2377,HEAD,PRIEST,1,230.0
2378,HEAD,RAIN (RAINING),1,30.0
2379,HEAD,REFUSE,1,213.0
2380,HEAD,ROPE,1,100.0
2381,HEAD,SERVANT,2,225.0
2382,HEAD,SHOULDER,1,83.0
2383,HEAD,SLAVE,1,205.0
2384,HEAD,SUN,2,0.0
2385,HEAD,UNCLE,1,11.0
2386,HEAD,VILLAGE,1,136.0
2387,HEAD,WATER,1,28.0
2388,HEAD,WOOD,1,88.0
2389,HEAD,WOUND,1,191.0
2390,HEAD,YEAR,1,88.0
2391,HEART,HUNGER,1,6.0
2392,HEART,INTENTION,1,200.0
2393,HEART,IRON,1,0.0
2394,HEART,JAW,1,80.0
2395,HEART,LAND,1,5.0
2396,HEART,LETTER,2,25.0
2397,HEART,LIVER,27,72.0
2398,HEART,MEDICINE,1,30.0
2399,HEART,MOUNTAIN,2,2.0
2400,HEART,NOSE,1,75.0
2401,HEART,PITY,1,72.0
2402,HEART,RAIN (PRECIPITATION),1,70.0
2403,HEART,RATTLE,1,20.0
2404,HEART,RETREAT,1,150.0
2405,HEART,SAND,1,64.0
2406,HEART,SAP,2,183.0
2407,HEART,SINK (DESCEND),2,62.0
2408,HEART,SPIRIT,44,108.0
2409,HEART,SWIM,1,25.0
2410,HEART,TIN (METAL),1,5.0
2411,HEART,TRY,1,52.0
2412,HEART,WAR,1,33.0
2413,HEART,WINDOW,1,50.0
2414,HEAT,ONION,1,8.0
2415,HEAT,SUMMER,1,25.0
2416,HEAT,TIDE,1,53.0
2417,HEAVEN,LIFT,1,39.0
2418,HEAVEN,LOVE,1,31.0
2419,HEAVEN,MOTHER,1,128.0
2420,HEAVEN,NIGHT,1,50.0
2421,HEAVEN,PEOPLE,1,9.0
2422,HEAVEN,PLACE (POSITION),1,3.0
2423,HEAVEN,SEASON,1,56.0
2424,HEAVEN,SUN,1,91.0
2425,HEAVEN,WEATHER,4,20.0
2426,HEAVEN,WHEAT,1,114.0
2427,HEAVEN,WOOD,1,3.0
2428,HEAVEN,YEAR,2,3.0
2429,HELL,NIGHT,1,92.0
2430,HELL,PUNISHMENT,1,28.0
2431,HELP,HIDE,1,34.0
2432,HELP,HORN (ANATOMY),1,86.0
2433,HELP,LEAD (GUIDE),1,178.0
2434,HELP,NEEDLE (FOR SEWING),1,42.0
2435,HELP,PLAY,2,30.0
2436,HELP,RESCUE,14,145.0
2437,HELP,SINK (BASIN),1,3.0
2438,HELP,SINK (DESCEND),1,3.0
2439,HEN,OMEN,1,339.0
2440,HEN,PART,1,95.0
2441,HERDSMAN,SERVANT,1,52.0
2442,HIDE,HIDE (CONCEAL),3,0.0
2443,HIDE (CONCEAL),HIDE (ONESELF),56,0.0
2444,HIDE (CONCEAL),HOLD,1,11.0
2445,HIDE (CONCEAL),INCREASE,1,163.0
2446,HIDE (CONCEAL),ISLAND,1,33.0
2447,HIDE (CONCEAL),JUMP,1,34.0
2448,HIDE (CONCEAL),LOOK,1,31.0
2449,HIDE (CONCEAL),MARKET,1,72.0
2450,HIDE (CONCEAL),PIG,2,23.0
2451,HIDE (CONCEAL),PIT (POTHOLE),1,58.0
2452,HIDE (CONCEAL),RAIN (PRECIPITATION),1,45.0
2453,HIDE (CONCEAL),REFUSE,1,138.0
2454,HIDE (CONCEAL),REPAIR,1,119.0
2455,HIDE (CONCEAL),SCRATCH,1,13.0
2456,HIDE (CONCEAL),SHIVER,1,52.0
2457,HIDE (CONCEAL),SPLIT,2,125.0
2458,HIDE (CONCEAL),STRAIN,1,166.0
2459,HIDE (CONCEAL),SWEEP,1,25.0
2460,HIDE (CONCEAL),SWELL,1,172.0
2461,HIDE (CONCEAL),TRY,1,27.0
2462,HIDE (CONCEAL),TURN,1,23.0
2463,HIDE (CONCEAL),TURN (SOMETHING),1,23.0
2464,HIDE (CONCEAL),WALK,2,50.0
2465,HIDE (CONCEAL),WASH,1,70.0
2466,HIDE (ONESELF),PIT (POTHOLE),1,58.0
2467,HIDE (ONESELF),RAIN (PRECIPITATION),1,45.0
2468,HILL,HUMP,2,113.0
2469,HILL,ISLAND,1,33.0
2470,HILL,MOUNTAIN,142,27.0
2471,HILL,SPLIT,1,125.0
2472,HILL,VILLAGE,1,61.0
2473,HILL,WAIST,1,69.0
2474,HOLD,INCREASE,1,152.0
2475,HOLD,JUMP,1,45.0
2476,HOLD,KNEE,1,36.0
2477,HOLD,LEAD (GUIDE),1,133.0
2478,HOLD,LIFT,1,44.0
2479,HOLD,LOOK,1,42.0
2480,HOLD,LOVE,1,36.0
2481,HOLD,MALE,1,116.0
2482,HOLD,MALE (OF PERSON),1,116.0
2483,HOLD,MONEY,1,20.0
2484,HOLD,RAIN (PRECIPITATION),2,56.0
2485,HOLD,RAIN (RAINING),1,56.0
2486,HOLD,REFUSE,1,127.0
2487,HOLD,REPAIR,1,108.0
2488,HOLD,RESCUE,2,100.0
2489,HOLD,SCRATCH,1,2.0
2490,HOLD,SHIVER,1,41.0
2491,HOLD,SHOULDER,2,3.0
2492,HOLD,SNAKE,1,22.0
2493,HOLD,SPEECH,1,102.0
2494,HOLD,SPLIT,3,114.0
2495,HOLD,STRAIN,1,155.0
2496,HOLD,SUN,1,86.0
2497,HOLD,SWEEP,1,14.0
2498,HOLD,SWELL,1,161.0
2499,HOLD,TEAR (SHRED),1,3.0
2500,HOLD,THROW,1,3.0
2501,HOLD,TOUCH,6,2.0
2502,HOLD,TRY,1,38.0
2503,HOLD,TURN,1,34.0
2504,HOLD,TURN (SOMETHING),1,34.0
2505,HOLD,WALK,1,61.0
2506,HOLD,WASH,1,81.0
2507,HOLD,WEST,1,75.0
2508,HOME,NEEDLE (FOR SEWING),3,31.0
2509,HOME,PLACE (POSITION),2,36.0
2510,HOME,ROOM,1,11.0
2511,HOME,STOVE,1,64.0
2512,HOME,VILLAGE,6,84.0
2513,HONEY,OX,1,43.0
2514,HONEY,POISON,1,78.0
2515,HONEY,POUND,1,22.0
2516,HONEY,SMOKE (EXHAUST),2,58.0
2517,HONEY,SOLDIER,1,11.0
2518,HONEY,VOICE,1,11.0
2519,HONEY,WATER,1,133.0
2520,HONEY,YEAR,1,17.0
2521,HOOF,LIFT,1,5.0
2522,HOOF,MOUNTAIN,1,23.0
2523,HOOF,RESCUE,1,61.0
2524,HOOF,WIN,1,37.0
2525,HORN (ANATOMY),HORN (INSTRUMENT),1,0.0
2526,HORN (ANATOMY),IRON,1,27.0
2527,HORN (ANATOMY),JAW,1,53.0
2528,HORN (ANATOMY),KNEE,1,77.0
2529,HORN (ANATOMY),LEAD (CHEMICAL ELEMENT),1,92.0
2530,HORN (ANATOMY),LIVER,1,45.0
2531,HORN (ANATOMY),MONEY,1,61.0
2532,HORN (ANATOMY),MOUNTAIN,4,25.0
2533,HORN (ANATOMY),OATH,1,100.0
2534,HORN (ANATOMY),SHOULDER,1,44.0
2535,HORN (ANATOMY),SHRIEK,1,98.0
2536,HORN (ANATOMY),THREAD,1,41.0
2537,HORN (ANATOMY),VINE,2,117.0
2538,HORN (ANATOMY),VOICE,1,33.0
2539,HORN (ANATOMY),YEAR,1,39.0
2540,HORN (INSTRUMENT),SPIKE,1,45.0
2541,HORN (INSTRUMENT),VOICE,2,33.0
2542,HORN (INSTRUMENT),WATER,1,155.0
2543,HOWL,LIGHTNING,1,62.0
2544,HOWL,PIN,1,8.0
2545,HOWL,REGRET,2,159.0
2546,HOWL,SHRIEK,33,137.0
2547,HUNGER,JEWEL,1,17.0
2548,HUNGER,LAND,1,11.0
2549,HUNGER,MOTHER,1,131.0
2550,HUNGER,NEEDLE (FOR SEWING),1,11.0
2551,HUNGER,PLACE (POSITION),3,6.0
2552,HUNGER,ROAD,1,69.0
2553,HUNGER,STABLE,1,17.0
2554,HUNGER,TEAR (SHRED),1,11.0
2555,HUNGER,WOUND,2,97.0
2556,HUNGER,YEAR,1,6.0
2557,HUNTER,NUMBER,1,103.0
2558,HUNTER,WOMAN,1,84.0
2559,ICE,KICK,1,33.0
2560,ICE,LIE (MISLEAD),1,11.0
2561,ICE,LOOK,2,36.0
2562,ICE,MIRROR,2,3.0
2563,ICE,OAK,2,50.0
2564,ICE,SALT,2,28.0
2565,ICE,SOLDIER,1,14.0
2566,ICE,SPIRIT,1,128.0
2567,ICE,STABLE,1,31.0
2568,ICE,YEAR,2,8.0
2569,INCREASE,JUMP,1,197.0
2570,INCREASE,LOOK,1,194.0
2571,INCREASE,REFUSE,1,25.0
2572,INCREASE,REPAIR,1,44.0
2573,INCREASE,SCRATCH,1,150.0
2574,INCREASE,SHIVER,1,111.0
2575,INCREASE,SPLIT,1,38.0
2576,INCREASE,STRAIN,1,3.0
2577,INCREASE,SWEEP,1,138.0
2578,INCREASE,SWELL,1,9.0
2579,INCREASE,TRY,1,190.0
2580,INCREASE,TURN,1,186.0
2581,INCREASE,TURN (SOMETHING),1,186.0
2582,INCREASE,WALK,1,213.0
2583,INCREASE,WASH,1,233.0
2584,INSECT,JUMP,1,61.0
2585,INSECT,LEAD (GUIDE),1,117.0
2586,INSECT,NEEDLE (FOR SEWING),1,19.0
2587,INSECT,SNAKE,2,6.0
2588,INSECT,STEAM (VERB),1,25.0
2589,INSECT,WHEAT,1,103.0
2590,INSECT,WOOD,1,14.0
2591,INSECT,WORM,38,30.0
2592,INTENTION,LOVE,2,178.0
2593,INTENTION,MONEY,1,234.0
2594,INTENTION,OMEN,1,77.0
2595,INTENTION,TRY,1,252.0
2596,INTENTION,UNCLE,1,289.0
2597,IRON,LIFT,1,30.0
2598,IRON,LIVER,1,72.0
2599,IRON,LOCK,11,47.0
2600,IRON,MONEY,16,34.0
2601,IRON,MOUSE,1,39.0
2602,IRON,NAIL (TOOL),3,9.0
2603,IRON,OAK,1,30.0
2604,IRON,OTTER,3,102.0
2605,IRON,RAIN (RAINING),1,70.0
2606,IRON,RAKE,1,55.0
2607,IRON,REST,1,59.0
2608,IRON,ROOM,1,37.0
2609,IRON,SCRATCH,1,12.0
2610,IRON,SHIELD,2,69.0
2611,IRON,SINK (DESCEND),1,62.0
2612,IRON,SPLIT,1,100.0
2613,IRON,STRENGTH,1,44.0
2614,IRON,SUMMER,1,28.0
2615,IRON,SWIM,1,25.0
2616,IRON,TOOL,4,19.0
2617,IRON,WALK,2,75.0
2618,ISLAND,LAND,4,3.0
2619,ISLAND,MOUNTAIN,10,6.0
2620,ISLAND,OIL (ORGANIC SUBSTANCE),1,14.0
2621,ISLAND,SHIP,1,40.0
2622,ISLAND,SUN,1,108.0
2623,ISLAND,SWORD,1,53.0
2624,ISLAND,VALLEY,1,50.0
2625,ISLAND,VILLAGE,5,28.0
2626,ISLAND,WALK,1,83.0
2627,ISLAND,WATER,2,136.0
2628,ISLAND,WORM,1,36.0
2629,ISLAND,WOUND,1,83.0
2630,JAW,PIG,1,128.0
2631,JAW,SMOKE (EXHAUST),2,133.0
2632,JAW,SONG,1,119.0
2633,JAW,SUN,1,180.0
2634,JAW,SWIM,1,105.0
2635,JAW,THIEF,1,39.0
2636,JAW,WASH,1,175.0
2637,JAW,YARD,1,53.0
2638,JEWEL,MONEY,1,45.0
2639,JEWEL,MOUNTAIN,1,9.0
2640,JEWEL,ORNAMENT,7,11.0
2641,JEWEL,SAP,1,172.0
2642,JEWEL,SILVER,1,25.0
2643,JEWEL,TOOL,1,8.0
2644,JEWEL,YARD,1,16.0
2645,JUICE,UNCLE,1,58.0
2646,JUICE,WATER,4,97.0
2647,JUMP,LAND (DESCEND),1,64.0
2648,JUMP,LIVER,1,131.0
2649,JUMP,LOOK,1,3.0
2650,JUMP,MONEY,1,25.0
2651,JUMP,MURDER,1,159.0
2652,JUMP,ONION,2,64.0
2653,JUMP,PIG,1,11.0
2654,JUMP,REFUSE,1,172.0
2655,JUMP,REPAIR,2,153.0
2656,JUMP,RESCUE,1,145.0
2657,JUMP,RETREAT,1,209.0
2658,JUMP,RING,1,14.0
2659,JUMP,ROAD,1,16.0
2660,JUMP,SCALE,1,175.0
2661,JUMP,SCRATCH,1,47.0
2662,JUMP,SHIVER,2,86.0
2663,JUMP,SPLIT,1,159.0
2664,JUMP,STABLE,1,70.0
2665,JUMP,STRAIN,1,200.0
2666,JUMP,SWEEP,1,59.0
2667,JUMP,SWELL,1,206.0
2668,JUMP,THROW,2,42.0
2669,JUMP,TRY,1,7.0
2670,JUMP,TURN,1,11.0
2671,JUMP,TURN (SOMETHING),1,11.0
2672,JUMP,WALK,1,16.0
2673,JUMP,WASH,1,36.0
2674,JUMP,WOUND,1,150.0
2675,KETTLE,PLACE (POSITION),1,5.0
2676,KETTLE,PORT,1,98.0
2677,KETTLE,POT,46,57.0
2678,KICK,POUND,3,80.0
2679,KICK,SNAKE,1,61.0
2680,KICK,SOLDIER,1,47.0
2681,KICK,STEP (VERB),1,39.0
2682,KICK,THROW,1,36.0
2683,KICK,WALK,1,22.0
2684,KICK,WOOD,1,41.0
2685,KNEE,LIME (FRUIT),2,147.0
2686,KNEE,LIVER,1,122.0
2687,KNEE,OATH,1,177.0
2688,KNEE,OWL,1,38.0
2689,KNEE,POT,2,14.0
2690,KNEE,SCRATCH,2,38.0
2691,KNEE,SMOKE (EXHAUST),1,3.0
2692,KNEE,VOICE,1,44.0
2693,KNEE,WASH,1,45.0
2694,KNEE,WEST,1,111.0
2695,LAMB,SALT,6,47.0
2696,LAMB,STABLE,1,106.0
2697,LAMB,SUN,1,5.0
2698,LAMP,LIGHTNING,1,48.0
2699,LAMP,MOUNTAIN,1,0.0
2700,LAMP,SKIRT,1,25.0
2701,LAND,LAND (DESCEND),3,0.0
2702,LAND,LIVER,1,67.0
2703,LAND,MOUNTAIN,1,3.0
2704,LAND,MUD,2,47.0
2705,LAND,PEOPLE,3,5.0
2706,LAND,PLACE (POSITION),14,17.0
2707,LAND,PLAIN,4,75.0
2708,LAND,PLOT,1,136.0
2709,LAND,POT,1,69.0
2710,LAND,REED,1,83.0
2711,LAND,SAND,4,69.0
2712,LAND,TEAR (OF EYE),1,22.0
2713,LAND,VALLEY,1,53.0
2714,LAND,VILLAGE,2,31.0
2715,LAND,WEATHER,1,6.0
2716,LAND,WORM,1,33.0
2717,LAND,YEAR,1,17.0
2718,LAND (DESCEND),OIL (ORGANIC SUBSTANCE),1,17.0
2719,LAND (DESCEND),PLACE (POSITION),1,17.0
2720,LAND (DESCEND),SALT,1,53.0
2721,LAND (DESCEND),SEASON,1,42.0
2722,LAND (DESCEND),THREAD,1,19.0
2723,LAND (DESCEND),YEAR,1,17.0
2724,LARCH,TOUCH,1,137.0
2725,LATCH,LOCK,19,58.0
2726,LATCH,MAST,2,6.0
2727,LATCH,NAIL (TOOL),1,114.0
2728,LATCH,OWL,1,117.0
2729,LATCH,POST,1,80.0
2730,LATCH,WAIST,1,61.0
2731,LATCH,WOOD,1,117.0
2732,LAW,MAGIC,3,102.0
2733,LAW,MEASURE,1,39.0
2734,LAW,PASTURE,1,3.0
2735,LAW,POISON,1,19.0
2736,LAW,PUNISHMENT,2,41.0
2737,LAW,ROAD,1,177.0
2738,LAW,VOICE,3,108.0
2739,LEAD (CHEMICAL ELEMENT),LEAD (GUIDE),2,0.0
2740,LEAD (CHEMICAL ELEMENT),SAP,1,64.0
2741,LEAD (CHEMICAL ELEMENT),SILVER,1,83.0
2742,LEAD (CHEMICAL ELEMENT),SINK (DESCEND),1,181.0
2743,LEAD (CHEMICAL ELEMENT),THREAD,1,133.0
2744,LEAD (GUIDE),LIFT,3,89.0
2745,LEAD (GUIDE),LIVER,3,47.0
2746,LEAD (GUIDE),LOVE,2,97.0
2747,LEAD (GUIDE),OCEAN,1,83.0
2748,LEAD (GUIDE),PAINTING,1,142.0
2749,LEAD (GUIDE),REPAIR,1,25.0
2750,LEAD (GUIDE),SEASON,1,72.0
2751,LEAD (GUIDE),SKIRT,1,142.0
2752,LEAD (GUIDE),SWEEP,2,119.0
2753,LEAD (GUIDE),TEAR (SHRED),2,136.0
2754,LEAD (GUIDE),TIDE,1,69.0
2755,LEAD (GUIDE),TURN (SOMETHING),1,167.0
2756,LEAD (GUIDE),WALK,2,194.0
2757,LEAD (GUIDE),WOOD,1,131.0
2758,LEAD (GUIDE),WOOL,1,153.0
2759,LENGTH,RAIN (RAINING),1,111.0
2760,LETTER,MONEY,1,9.0
2761,LETTER,MUD,1,17.0
2762,LETTER,NEWSPAPER,1,36.0
2763,LETTER,ORNAMENT,2,47.0
2764,LETTER,PAPER,11,27.0
2765,LETTER,TRY,1,27.0
2766,LIE (MISLEAD),LIE (REST),3,0.0
2767,LIE (MISLEAD),PLAY,1,58.0
2768,LIE (MISLEAD),ROPE,1,31.0
2769,LIE (MISLEAD),TURN,1,17.0
2770,LIE (MISLEAD),VICTORY,1,161.0
2771,LIE (MISLEAD),WRONG,2,6.0
2772,LIE (REST),POUND,1,58.0
2773,LIE (REST),SHIVER,1,58.0
2774,LIE (REST),SWALLOW,1,58.0
2775,LIE (REST),SWEEP,1,31.0
2776,LIE (REST),THROW,2,14.0
2777,LIE (REST),TRY,1,21.0
2778,LIE (REST),TURN,3,17.0
2779,LIE (REST),TURN (SOMETHING),1,17.0
2780,LIE (REST),WALK,1,44.0
2781,LIFT,NEEDLE (FOR SEWING),1,47.0
2782,LIFT,PIG,1,78.0
2783,LIFT,PIN,1,50.0
2784,LIFT,SHIRT,1,42.0
2785,LIFT,SHIVER,1,3.0
2786,LIFT,SPLIT,1,70.0
2787,LIFT,TEAR (SHRED),1,47.0
2788,LIFT,THROW,1,47.0
2789,LIFT,TURN (SOMETHING),1,78.0
2790,LIFT,WASH,1,125.0
2791,LIFT,WATER,1,158.0
2792,LIGHTNING,LIVER,1,22.0
2793,LIGHTNING,SHOULDER,1,67.0
2794,LIGHTNING,SHRIEK,1,75.0
2795,LIGHTNING,THROW,1,67.0
2796,LIGHTNING,WORM,1,78.0
2797,LIME (FRUIT),LIME (MATERIAL),1,0.0
2798,LIME (FRUIT),MOTHER,8,234.0
2799,LIME (FRUIT),NIGHT,1,156.0
2800,LIME (FRUIT),NOSE,6,172.0
2801,LIME (FRUIT),SMOKE (EXHAUST),1,150.0
2802,LIME (FRUIT),THROW,2,114.0
2803,LIME (FRUIT),VILLAGE,2,61.0
2804,LIME (FRUIT),WATER,1,225.0
2805,LIME (MATERIAL),POUND,2,70.0
2806,LIME (MATERIAL),SNAKE,1,89.0
2807,LIME (MATERIAL),TURN,1,145.0
2808,LINE,NUMBER,1,36.0
2809,LINE,ROAD,2,69.0
2810,LINE,ROPE,13,6.0
2811,LINE,SALT,1,42.0
2812,LINE,SAND,1,58.0
2813,LINE,SURRENDER,1,111.0
2814,LINE,SWORD,1,67.0
2815,LINE,TAX,1,194.0
2816,LINE,THREAD,12,8.0
2817,LINE,VINE,2,150.0
2818,LION,PLAY,1,52.0
2819,LION,ROAD,1,38.0
2820,LION,WOUND,1,128.0
2821,LIVER,MOTHER,1,209.0
2822,LIVER,MOUNTAIN,1,70.0
2823,LIVER,MUSCLE,2,44.0
2824,LIVER,NUMBER,1,114.0
2825,LIVER,OIL (ORGANIC SUBSTANCE),1,50.0
2826,LIVER,PIG,2,120.0
2827,LIVER,PLAIN,1,8.0
2828,LIVER,POST,1,47.0
2829,LIVER,REPAIR,1,22.0
2830,LIVER,SALT,1,120.0
2831,LIVER,SCRATCH,1,84.0
2832,LIVER,SKIRT,1,95.0
2833,LIVER,SLAVE,2,33.0
2834,LIVER,SMILE,1,145.0
2835,LIVER,TAX,1,116.0
2836,LIVER,THUMB,1,170.0
2837,LIVER,TOWER,2,0.0
2838,LIVER,WOOD,1,84.0
2839,LOCK,MOUSE,1,86.0
2840,LOCK,NIGHT,1,106.0
2841,LOCK,OAK,1,17.0
2842,LOCK,OCEAN,1,11.0
2843,LOCK,RAIN (PRECIPITATION),2,117.0
2844,LOCK,STOVE,1,31.0
2845,LOCK,SWEEP,2,47.0
2846,LOOK,MALE (OF ANIMAL),1,158.0
2847,LOOK,PAPER,1,4.0
2848,LOOK,PIN,1,36.0
2849,LOOK,RAIN (PRECIPITATION),1,14.0
2850,LOOK,REFUSE,1,169.0
2851,LOOK,REPAIR,1,150.0
2852,LOOK,REST,1,3.0
2853,LOOK,SCRATCH,1,44.0
2854,LOOK,SHIVER,1,83.0
2855,LOOK,SPLIT,1,156.0
2856,LOOK,STRAIN,1,197.0
2857,LOOK,SURRENDER,1,161.0
2858,LOOK,SWEEP,1,56.0
2859,LOOK,SWELL,1,203.0
2860,LOOK,THROW,1,39.0
2861,LOOK,TRY,4,4.0
2862,LOOK,TURN,1,8.0
2863,LOOK,TURN (SOMETHING),1,8.0
2864,LOOK,VILLAGE,1,92.0
2865,LOOK,WALK,1,19.0
2866,LOOK,WASH,1,39.0
2867,LOOK,WATER,1,72.0
2868,LOVE,MEASURE,1,41.0
2869,LOVE,MOTHER,2,159.0
2870,LOVE,OIL (ORGANIC SUBSTANCE),1,0.0
2871,LOVE,PITY,8,50.0
2872,LOVE,SHAME,1,64.0
2873,LOVE,SHIELD,1,47.0
2874,LOVE,SILVER,1,14.0
2875,LOVE,SNAKE,1,14.0
2876,LOVE,SONG,1,61.0
2877,LOVE,UNCLE,1,111.0
2878,LOVE,VALLEY,1,36.0
2879,LOVE,WHEAT,1,83.0
2880,LOVE,WOOD,1,34.0
2881,LOVE,WORM,2,50.0
2882,LOVE,YEAR,1,34.0
2883,LUNCH,SECOND,1,14.0
2884,MAGIC,MEDICINE,2,30.0
2885,MAGIC,TOBACCO,1,85.0
2886,MALE,MALE (OF ANIMAL),1,0.0
2887,MALE,MALE (OF PERSON),1,0.0
2888,MALE,POUND,1,75.0
2889,MALE,REED,1,14.0
2890,MALE,TOBACCO,1,17.0
2891,MALE,WALK,4,177.0
2892,MALE (OF ANIMAL),MALE (OF PERSON),159,0.0
2893,MALE (OF ANIMAL),MEASURE,2,39.0
2894,MALE (OF ANIMAL),OCEAN,1,66.0
2895,MALE (OF ANIMAL),OX,1,54.0
2896,MALE (OF ANIMAL),RAKE,1,47.0
2897,MALE (OF ANIMAL),WALK,1,177.0
2898,MALE (OF ANIMAL),WRONG,1,139.0
2899,MALE (OF PERSON),MULE,1,44.0
2900,MALE (OF PERSON),OX,3,54.0
2901,MALE (OF PERSON),ROAD,1,177.0
2902,MALE (OF PERSON),SECOND,1,94.0
2903,MALE (OF PERSON),WALK,1,177.0
2904,MALE (OF PERSON),WRONG,1,139.0
2905,MARKET,PAPER,8,99.0
2906,MARKET,PLACE (POSITION),1,59.0
2907,MARKET,TOE,1,134.0
2908,MARKET,WASH,1,142.0
2909,MARRIAGE,OVEN,1,147.0
2910,MARRIAGE,WEDDING,1,69.0
2911,MAST,POST,12,86.0
2912,MAST,TOWER,1,39.0
2913,MEASURE,OMEN,1,214.0
2914,MEASURE,PAINTING,4,86.0
2915,MEASURE,PLAIN,1,17.0
2916,MEASURE,SEASON,1,16.0
2917,MEASURE,TOUCH,1,75.0
2918,MEASURE,TRY,13,115.0
2919,MEASURE,VOICE,1,69.0
2920,MEASURE,WASH,1,158.0
2921,MEASURE,WEATHER,1,52.0
2922,MEDICINE,MOUSE,1,69.0
2923,MEDICINE,NEEDLE (FOR SEWING),1,47.0
2924,MEDICINE,OIL (ORGANIC SUBSTANCE),1,8.0
2925,MEDICINE,PEPPER,1,42.0
2926,MEDICINE,PLACE (POSITION),1,42.0
2927,MEDICINE,POISON,14,53.0
2928,MEDICINE,POST,1,5.0
2929,MEDICINE,REPAIR,1,64.0
2930,MEDICINE,RESCUE,1,56.0
2931,MEDICINE,REST,1,89.0
2932,MEDICINE,SAP,1,153.0
2933,MEDICINE,SMOKE (EXHAUST),1,83.0
2934,MEDICINE,SMOKE (INHALE),2,83.0
2935,MEDICINE,SOLDIER,1,36.0
2936,MEDICINE,TOBACCO,6,55.0
2937,MEDICINE,VINE,1,114.0
2938,MEDICINE,WASH,4,125.0
2939,MEDICINE,WOOD,3,42.0
2940,MEDICINE,YEAR,2,42.0
2941,MINISTER,PRESIDENT,1,116.0
2942,MINISTER,QUEEN,1,95.0
2943,MIRROR,RAIN (PRECIPITATION),1,47.0
2944,MIRROR,RING,1,50.0
2945,MIRROR,SNAKE,1,31.0
2946,MIRROR,STATUE,1,148.0
2947,MIRROR,SUN,1,77.0
2948,MIRROR,WATER,1,105.0
2949,MIRROR,WINDOW,1,27.0
2950,MIRROR,WITNESS,1,214.0
2951,MONEY,OIL (ORGANIC SUBSTANCE),1,56.0
2952,MONEY,PAPER,2,18.0
2953,MONEY,ROOM,1,3.0
2954,MONEY,SALT,1,14.0
2955,MONEY,SCALE,6,150.0
2956,MONEY,SELF,1,81.0
2957,MONEY,SILVER,151,70.0
2958,MONEY,SUMMER,1,6.0
2959,MONEY,TAX,1,222.0
2960,MONEY,WAIST,1,78.0
2961,MONEY,WOOL,2,0.0
2962,MOTHER,PEOPLE,1,137.0
2963,MOTHER,PIG,1,89.0
2964,MOTHER,PRIEST,1,267.0
2965,MOTHER,QUEEN,2,103.0
2966,MOTHER,RAIN (PRECIPITATION),1,67.0
2967,MOTHER,ROPE,1,137.0
2968,MOTHER,SAND,1,73.0
2969,MOTHER,SUN,2,37.0
2970,MOTHER,THUMB,11,39.0
2971,MOTHER,WALK,3,62.0
2972,MOTHER,WASH,1,42.0
2973,MOTHER,WHEAT,1,242.0
2974,MOTHER,WOMAN,15,114.0
2975,MOTHER,WOOD,3,125.0
2976,MOUNTAIN,MUD,1,44.0
2977,MOUNTAIN,NOSE,10,77.0
2978,MOUNTAIN,PLACE (POSITION),1,14.0
2979,MOUNTAIN,POST,1,23.0
2980,MOUNTAIN,RAIN (PRECIPITATION),1,72.0
2981,MOUNTAIN,RAIN (RAINING),1,72.0
2982,MOUNTAIN,RIDGE,1,150.0
2983,MOUNTAIN,ROPE,1,2.0
2984,MOUNTAIN,SCALE,1,114.0
2985,MOUNTAIN,SWELL,1,145.0
2986,MOUNTAIN,VILLAGE,2,34.0
2987,MOUNTAIN,VINE,1,142.0
2988,MOUNTAIN,WASH,1,97.0
2989,MOUNTAIN,WHEAT,1,103.0
2990,MOUNTAIN,WIN,2,14.0
2991,MOUNTAIN,YEAR,1,14.0
2992,MOUSE,RYE,1,258.0
2993,MOVIE,STATUE,1,20.0
2994,MUD,ROAD,1,33.0
2995,MUD,RYE,1,261.0
2996,MUD,SAND,1,22.0
2997,MUD,SOIL,2,108.0
2998,MUD,WATER,1,86.0
2999,MULE,PIG,1,106.0
3000,MULE,ROAD,1,133.0
3001,MULE,SHIELD,5,11.0
3002,MULE,SHRIEK,1,67.0
3003,MULE,SINK (DESCEND),1,120.0
3004,MULE,WATER,1,186.0
3005,MURDER,SHOULDER,1,117.0
3006,MURDER,SNAKE,1,92.0
3007,MURDER,THROW,1,117.0
3008,MURDER,WOUND,1,9.0
3009,MUSCLE,WATER,1,244.0
3010,MUSIC,SONG,6,30.0
3011,MUSIC,VOICE,1,3.0
3012,NAIL (TOOL),NEEDLE (FOR SEWING),3,8.0
3013,NAIL (TOOL),PIN,6,11.0
3014,NAIL (TOOL),POT,1,55.0
3015,NAIL (TOOL),POUND,1,36.0
3016,NAIL (TOOL),SALT,1,39.0
3017,NAIL (TOOL),SAND,1,55.0
3018,NAIL (TOOL),SMOKE (EXHAUST),1,44.0
3019,NAIL (TOOL),SUMMER,1,19.0
3020,NAIL (TOOL),SWIM,1,16.0
3021,NAIL (TOOL),SWORD,1,70.0
3022,NAIL (TOOL),TOOL,1,28.0
3023,NAIL (TOOL),WAIST,1,53.0
3024,NAIL (TOOL),WINTER,1,36.0
3025,NEEDLE (FOR SEWING),OIL (ORGANIC SUBSTANCE),1,39.0
3026,NEEDLE (FOR SEWING),PIN,35,3.0
3027,NEEDLE (FOR SEWING),RAIN (PRECIPITATION),1,53.0
3028,NEEDLE (FOR SEWING),ROAD,1,58.0
3029,NEEDLE (FOR SEWING),SILVER,1,53.0
3030,NEEDLE (FOR SEWING),SLAVE,1,122.0
3031,NEEDLE (FOR SEWING),SMOKE (EXHAUST),1,36.0
3032,NEEDLE (FOR SEWING),SWEEP,1,17.0
3033,NEEDLE (FOR SEWING),SWORD,1,78.0
3034,NEEDLE (FOR SEWING),TEAR (SHRED),1,0.0
3035,NEEDLE (FOR SEWING),TIN (METAL),1,22.0
3036,NEEDLE (FOR SEWING),UNCLE,1,72.0
3037,NEEDLE (FOR SEWING),VINE,1,161.0
3038,NEEDLE (FOR SEWING),WASH,1,78.0
3039,NEIGHBOUR,PEOPLE,1,42.0
3040,NEIGHBOUR,STRANGER,1,1.0
3041,NEIGHBOUR,VILLAGE,1,6.0
3042,NEWSPAPER,PAPER,2,63.0
3043,NIGHT,NOSE,2,16.0
3044,NIGHT,OCEAN,1,95.0
3045,NIGHT,PEOPLE,1,59.0
3046,NIGHT,PEPPER,1,47.0
3047,NIGHT,PLACE (POSITION),2,47.0
3048,NIGHT,SMOKE (EXHAUST),2,6.0
3049,NIGHT,SUN,1,41.0
3050,NIGHT,SWELL,2,206.0
3051,NIGHT,YEAR,2,47.0
3052,NOSE,OMEN,1,352.0
3053,NOSE,PASTURE,3,180.0
3054,NOSE,PIG,1,27.0
3055,NOSE,RAIN (RAINING),2,5.0
3056,NOSE,SCALE,1,191.0
3057,NOSE,VOICE,1,69.0
3058,NOSE,WATER,1,53.0
3059,NOSE,WOOD,1,63.0
3060,NOSE,WORM,1,47.0
3061,NUMBER,SPEECH,1,130.0
3062,NUMBER,TOUCH,1,30.0
3063,NUMBER,WOMAN,1,19.0
3064,NURSE,PHYSICIAN,3,305.0
3065,OAK,ONION,1,25.0
3066,OAK,STRENGTH,1,14.0
3067,OAK,WALK,1,105.0
3068,OAK,WOOD,2,42.0
3069,OATH,OVEN,1,172.0
3070,OATH,SPEECH,1,39.0
3071,OATH,STOVE,1,111.0
3072,OATH,VILLAGE,1,91.0
3073,OCEAN,SALT,1,84.0
3074,OCEAN,SPEECH,1,52.0
3075,OCEAN,TIDE,1,14.0
3076,OCEAN,WATER,1,164.0
3077,OIL (FROM PLANTS),SWIM,1,47.0
3078,OIL (HYDROPHOBIC LIQUID),THROW,1,39.0
3079,OIL (ORGANIC SUBSTANCE),OLIVE,1,155.0
3080,OIL (ORGANIC SUBSTANCE),PAINTING,1,45.0
3081,OIL (ORGANIC SUBSTANCE),PASTURE,1,83.0
3082,OIL (ORGANIC SUBSTANCE),PEPPER,1,34.0
3083,OIL (ORGANIC SUBSTANCE),PLACE (POSITION),1,34.0
3084,OIL (ORGANIC SUBSTANCE),RING,1,95.0
3085,OIL (ORGANIC SUBSTANCE),ROOM,1,59.0
3086,OIL (ORGANIC SUBSTANCE),SAP,1,161.0
3087,OIL (ORGANIC SUBSTANCE),SAUCE,1,45.0
3088,OIL (ORGANIC SUBSTANCE),SKIRT,1,45.0
3089,OIL (ORGANIC SUBSTANCE),SUMMER,1,50.0
3090,OIL (ORGANIC SUBSTANCE),SUN,1,122.0
3091,OIL (ORGANIC SUBSTANCE),SWIM,1,47.0
3092,OIL (ORGANIC SUBSTANCE),THREAD,1,36.0
3093,OIL (ORGANIC SUBSTANCE),TIN (METAL),1,17.0
3094,OIL (ORGANIC SUBSTANCE),WASH,2,117.0
3095,OMEN,RESCUE,1,191.0
3096,OMEN,WASH,1,372.0
3097,ONION,SHOP,2,50.0
3098,ONION,SMOKE (INHALE),1,58.0
3099,ONION,SWELL,1,142.0
3100,ONION,TOBACCO,1,80.0
3101,ONION,WINDOW,2,55.0
3102,ORDER,SALT,1,111.0
3103,ORNAMENT,PAPER,1,74.0
3104,ORNAMENT,RATTLE,1,42.0
3105,OVEN,POT,1,19.0
3106,OVEN,ROAD,2,30.0
3107,OVEN,SPLIT,1,145.0
3108,OVEN,STOVE,134,61.0
3109,OVEN,SWIM,1,20.0
3110,OVEN,WALK,1,30.0
3111,OWL,ROOM,1,25.0
3112,OWL,SWELL,1,159.0
3113,OWL,WASH,1,83.0
3114,OX,RESCUE,1,38.0
3115,OX,SEASON,1,1.0
3116,OX,THREAD,1,62.0
3117,OX,VINE,1,96.0
3118,OX,WEATHER,1,37.0
3119,OX,WOOD,1,60.0
3120,PAINTING,SAW,1,11.0
3121,PAINTING,TRY,1,29.0
3122,PAINTING,WASH,2,72.0
3123,PAPER,PEPPER,2,40.0
3124,PAPER,RAKE,1,107.0
3125,PAPER,ROOM,1,15.0
3126,PAPER,SALT,1,4.0
3127,PAPER,SAND,1,12.0
3128,PAPER,YEAR,1,40.0
3129,PART,PLACE (POSITION),3,45.0
3130,PART,POT,2,97.0
3131,PART,POUND,1,6.0
3132,PART,ROOM,2,70.0
3133,PART,ROPE,2,33.0
3134,PART,SPLIT,1,67.0
3135,PART,TRY,1,85.0
3136,PART,VALLEY,2,25.0
3137,PASTURE,PLACE (POSITION),1,117.0
3138,PASTURE,PLAIN,25,25.0
3139,PASTURE,ROOM,1,142.0
3140,PASTURE,SCHOOL,1,158.0
3141,PASTURE,SPLIT,1,5.0
3142,PASTURE,STABLE,1,94.0
3143,PASTURE,THREAD,1,119.0
3144,PASTURE,VALLEY,5,47.0
3145,PASTURE,WILLOW,7,0.0
3146,PEACH,SPEECH,1,77.0
3147,PEOPLE,PLAIN,1,80.0
3148,PEOPLE,PRIEST,1,130.0
3149,PEOPLE,ROAD,1,75.0
3150,PEOPLE,ROPE,1,0.0
3151,PEOPLE,STRANGER,1,41.0
3152,PEOPLE,VALLEY,1,58.0
3153,PEOPLE,VILLAGE,12,36.0
3154,PEOPLE,WOOD,1,12.0
3155,PEPPER,RING,1,61.0
3156,PEPPER,ROOM,1,25.0
3157,PEPPER,SKIRT,1,11.0
3158,PEPPER,THROW,1,5.0
3159,PHYSICIAN,POT,1,344.0
3160,PHYSICIAN,TEACHER,1,314.0
3161,PIG,RYE,1,267.0
3162,PIG,SAW,1,36.0
3163,PIG,SPLIT,1,148.0
3164,PIG,SUN,4,52.0
3165,PIG,SWEEP,2,48.0
3166,PIG,SWELL,1,195.0
3167,PIG,VILLAGE,2,84.0
3168,PILLOW,SHAME,1,150.0
3169,PILLOW,SPLIT,1,164.0
3170,PIN,PLAY,1,69.0
3171,PIN,ROAD,1,55.0
3172,PIN,SWORD,1,81.0
3173,PITY,REGRET,9,75.0
3174,PLACE (POSITION),PLAIN,5,92.0
3175,PLACE (POSITION),POST,1,37.0
3176,PLACE (POSITION),POT,1,52.0
3177,PLACE (POSITION),REST,1,47.0
3178,PLACE (POSITION),ROOM,6,25.0
3179,PLACE (POSITION),SCALE,1,128.0
3180,PLACE (POSITION),SEASON,1,59.0
3181,PLACE (POSITION),SHIRT,1,0.0
3182,PLACE (POSITION),SKIRT,1,11.0
3183,PLACE (POSITION),SLAVE,1,117.0
3184,PLACE (POSITION),SMOKE (EXHAUST),1,41.0
3185,PLACE (POSITION),SPLIT,2,112.0
3186,PLACE (POSITION),SUN,3,88.0
3187,PLACE (POSITION),VILLAGE,4,48.0
3188,PLACE (POSITION),WAR,1,45.0
3189,PLACE (POSITION),WEATHER,1,23.0
3190,PLACE (POSITION),YARD,1,39.0
3191,PLACE (POSITION),YEAR,2,0.0
3192,PLAIN,POST,1,55.0
3193,PLAIN,RAKE,2,25.0
3194,PLAIN,SCALE,1,36.0
3195,PLAIN,SCHOOL,1,133.0
3196,PLAIN,SQUARE,1,111.0
3197,PLAIN,SUMMER,1,108.0
3198,PLAIN,VALLEY,20,22.0
3199,PLAIN,WEATHER,1,69.0
3200,PLAIN,WOOD,1,92.0
3201,PLAIN,YARD,3,53.0
3202,PLAY,POCKET,1,36.0
3203,PLAY,RAIN (PRECIPITATION),1,19.0
3204,PLAY,SMILE,2,16.0
3205,PLAY,THIEF,1,130.0
3206,PLAY,THROW,2,72.0
3207,PLAY,TOUCH,1,77.0
3208,PLOT,SNAKE,1,133.0
3209,PLOT,VALLEY,1,83.0
3210,PLOT,WHISPER,1,166.0
3211,POCKET,SINK (DESCEND),1,9.0
3212,POISON,POST,1,58.0
3213,POISON,ROPE,1,83.0
3214,POISON,SKIRT,1,106.0
3215,POISON,SMOKE (EXHAUST),1,136.0
3216,POISON,SUMMER,1,111.0
3217,POISON,TOBACCO,1,2.0
3218,POISON,VILLAGE,1,47.0
3219,POISON,WAIST,1,39.0
3220,POISON,WOOD,1,95.0
3221,POISON,WRONG,1,120.0
3222,POND,SMOKE (EXHAUST),1,11.0
3223,PORT,WOOD,1,103.0
3224,PORT,YARD,1,64.0
3225,POST,POT,1,89.0
3226,POST,RAIN (PRECIPITATION),1,95.0
3227,POST,SHIELD,1,44.0
3228,POST,TURN (SOMETHING),1,73.0
3229,POST,WIN,1,37.0
3230,POST,WINTER,1,70.0
3231,POST,WOOD,17,37.0
3232,POT,RAKE,1,119.0
3233,POT,SHAME,1,150.0
3234,POT,SONG,1,25.0
3235,POT,SPOT,1,44.0
3236,POT,STOVE,1,80.0
3237,POT,WATER,1,64.0
3238,POTATO,SQUARE,1,17.0
3239,POUND,SHIVER,1,0.0
3240,POUND,SHOULDER,1,44.0
3241,POUND,SMOKE (EXHAUST),1,80.0
3242,POUND,SPLIT,1,73.0
3243,POUND,SWALLOW,1,0.0
3244,POUND,SWEEP,1,27.0
3245,POUND,THROW,2,44.0
3246,POUND,TRY,1,79.0
3247,POUND,WALK,1,102.0
3248,POUND,WASH,1,122.0
3249,POUND,WATER,3,155.0
3250,PRESIDENT,QUEEN,2,211.0
3251,PRIEST,ROPE,1,130.0
3252,PRIEST,TEACHER,1,164.0
3253,PRIEST,WOOD,1,142.0
3254,PRIEST,YARD,1,103.0
3255,PRISONER,REFUSE,1,33.0
3256,PRISONER,SERVANT,1,45.0
3257,PRISONER,SLAVE,13,25.0
3258,PRISONER,WAR,1,47.0
3259,PUNISHMENT,THROW,1,78.0
3260,PUNISHMENT,TOUCH,1,73.0
3261,PUNISHMENT,WRONG,1,98.0
3262,QUEEN,UNCLE,1,55.0
3263,QUEEN,WOMAN,2,11.0
3264,QUEEN,WORM,1,6.0
3265,RAIN (PRECIPITATION),RAIN (RAINING),18,0.0
3266,RAIN (PRECIPITATION),SAP,1,253.0
3267,RAIN (PRECIPITATION),SEASON,1,117.0
3268,RAIN (PRECIPITATION),TEAR (OF EYE),1,53.0
3269,RAIN (PRECIPITATION),VOICE,1,64.0
3270,RAIN (PRECIPITATION),WALK,1,5.0
3271,RAIN (PRECIPITATION),WATER,35,58.0
3272,RAIN (PRECIPITATION),WEATHER,5,81.0
3273,RAIN (PRECIPITATION),WINTER,1,25.0
3274,RAIN (PRECIPITATION),WORM,1,42.0
3275,RAIN (PRECIPITATION),YEAR,5,58.0
3276,RAIN (RAINING),SUN,2,30.0
3277,RAIN (RAINING),VILLAGE,2,106.0
3278,RAIN (RAINING),WATER,1,58.0
3279,RAIN (RAINING),WHEAT,2,175.0
3280,RAKE,ROPE,1,55.0
3281,RAKE,SCRATCH,1,67.0
3282,RAKE,SWEEP,1,55.0
3283,RAKE,TEAR (SHRED),1,72.0
3284,RAKE,WATER,1,183.0
3285,RATTLE,SPOON,1,75.0
3286,RATTLE,WRONG,1,17.0
3287,REED,WAR,1,55.0
3288,REED,WOOD,1,100.0
3289,REFUSE,REPAIR,1,19.0
3290,REFUSE,SCRATCH,1,125.0
3291,REFUSE,SHIVER,1,86.0
3292,REFUSE,SPLIT,1,13.0
3293,REFUSE,STRAIN,1,28.0
3294,REFUSE,SWEEP,1,113.0
3295,REFUSE,SWELL,1,34.0
3296,REFUSE,TRY,1,165.0
3297,REFUSE,TURN,1,161.0
3298,REFUSE,TURN (SOMETHING),1,161.0
3299,REFUSE,WALK,1,188.0
3300,REFUSE,WAR,1,80.0
3301,REFUSE,WASH,1,208.0
3302,REFUSE,WATER,1,241.0
3303,REGRET,SHRIEK,2,22.0
3304,REPAIR,REST,1,153.0
3305,REPAIR,SALT,1,142.0
3306,REPAIR,SCRATCH,1,106.0
3307,REPAIR,SHIVER,1,67.0
3308,REPAIR,SKIRT,1,117.0
3309,REPAIR,SPLIT,1,6.0
3310,REPAIR,STRAIN,1,47.0
3311,REPAIR,SWALLOW,1,67.0
3312,REPAIR,SWEEP,1,94.0
3313,REPAIR,SWELL,1,53.0
3314,REPAIR,TRY,1,146.0
3315,REPAIR,TURN,1,142.0
3316,REPAIR,TURN (SOMETHING),1,142.0
3317,REPAIR,WALK,1,169.0
3318,REPAIR,WASH,1,189.0
3319,RESCUE,REST,1,145.0
3320,RESCUE,RETREAT,1,64.0
3321,RESCUE,SAW,2,98.0
3322,RESCUE,UNCLE,1,175.0
3323,RESCUE,YEAR,1,98.0
3324,REST,SEASON,1,106.0
3325,REST,STING,1,39.0
3326,REST,SUSPECT,1,250.0
3327,REST,SWEEP,1,59.0
3328,REST,THREAD,1,45.0
3329,REST,VOICE,1,53.0
3330,REST,YEAR,1,47.0
3331,RING,ROOM,1,36.0
3332,RING,SKIRT,1,50.0
3333,RING,TOE,3,14.0
3334,ROAD,SKIRT,1,52.0
3335,ROAD,SLAVE,1,180.0
3336,ROAD,SMOKE (EXHAUST),1,22.0
3337,ROAD,SMOKE (INHALE),1,22.0
3338,ROAD,STABLE,1,86.0
3339,ROAD,SWEEP,1,75.0
3340,ROAD,SWIM,1,50.0
3341,ROAD,TOBACCO,1,160.0
3342,ROAD,WAIST,1,119.0
3343,ROAD,WALK,7,0.0
3344,ROAD,WATER,1,53.0
3345,ROAD,WINE,3,197.0
3346,ROAD,WORM,1,47.0
3347,ROAD,WRONG,3,38.0
3348,ROOM,SKIRT,1,14.0
3349,ROOM,SQUARE,2,6.0
3350,ROOM,WAIST,1,81.0
3351,ROOM,WOOD,2,25.0
3352,ROOM,YARD,1,64.0
3353,ROPE,SEASON,1,47.0
3354,ROPE,SNAKE,1,8.0
3355,ROPE,SPEECH,1,88.0
3356,ROPE,SWIM,1,25.0
3357,ROPE,TENT,1,2.0
3358,ROPE,THREAD,53,14.0
3359,ROPE,VINE,16,144.0
3360,ROPE,WASH,2,95.0
3361,ROPE,WEST,1,61.0
3362,ROPE,WOMAN,2,23.0
3363,ROPE,WOOD,1,12.0
3364,ROPE,WOOL,1,34.0
3365,ROPE,WORM,1,28.0
3366,RUG,VEIL,1,181.0
3367,RYE,WHEAT,3,114.0
3368,SALT,SMOKE (EXHAUST),2,5.0
3369,SALT,SONG,2,9.0
3370,SALT,SWALLOW,1,75.0
3371,SALT,THIEF,1,89.0
3372,SALT,TIDE,1,98.0
3373,SALT,TOUCH,1,36.0
3374,SALT,WASH,2,47.0
3375,SALT,WINTER,1,3.0
3376,SAND,SMOKE (EXHAUST),2,11.0
3377,SAND,SUN,2,36.0
3378,SAND,TEAR (SHRED),1,47.0
3379,SAND,THROW,1,47.0
3380,SAND,UNCLE,1,25.0
3381,SAND,VILLAGE,2,100.0
3382,SAND,WATER,2,64.0
3383,SAP,SHOP,1,228.0
3384,SAP,TOUCH,1,195.0
3385,SAP,WATER,26,311.0
3386,SAP,WINE,1,61.0
3387,SAP,WINTER,1,228.0
3388,SAP,YEAR,1,195.0
3389,SAW,SNAKE,1,20.0
3390,SAW,TEAR (SHRED),1,5.0
3391,SAW,TOBACCO,1,97.0
3392,SCALE,SKIRT,1,139.0
3393,SCALE,SPLIT,1,16.0
3394,SCALE,WASH,1,211.0
3395,SCRATCH,SHIVER,1,39.0
3396,SCRATCH,SPLIT,1,112.0
3397,SCRATCH,STRAIN,1,153.0
3398,SCRATCH,SWEEP,1,12.0
3399,SCRATCH,SWELL,1,159.0
3400,SCRATCH,TRY,1,40.0
3401,SCRATCH,TURN,1,36.0
3402,SCRATCH,TURN (SOMETHING),1,36.0
3403,SCRATCH,WALK,1,63.0
3404,SCRATCH,WASH,2,83.0
3405,SEASON,SHIP,1,79.0
3406,SEASON,SUMMER,1,75.0
3407,SEASON,THREAD,1,61.0
3408,SEASON,TRY,1,99.0
3409,SEASON,WEATHER,8,36.0
3410,SEASON,YEAR,8,59.0
3411,SECOND,SWALLOW,1,19.0
3412,SELF,WAIST,1,3.0
3413,SERVANT,SLAVE,47,20.0
3414,SERVANT,SOLDIER,3,131.0
3415,SERVANT,SUN,1,225.0
3416,SERVANT,WINE,1,3.0
3417,SHADOW,SMOKE (EXHAUST),2,83.0
3418,SHADOW,SPIRIT,1,78.0
3419,SHAME,SNAKE,1,78.0
3420,SHAME,TEAR (OF EYE),1,103.0
3421,SHAME,TURN (SOMETHING),1,134.0
3422,SHIELD,SWORD,1,8.0
3423,SHIELD,THREAD,1,83.0
3424,SHIP,TOOL,1,51.0
3425,SHIRT,SINK (DESCEND),1,50.0
3426,SHIRT,SKIRT,6,11.0
3427,SHIRT,WOOD,2,0.0
3428,SHIVER,SPLIT,1,73.0
3429,SHIVER,STRAIN,2,114.0
3430,SHIVER,SWALLOW,1,0.0
3431,SHIVER,SWEEP,3,27.0
3432,SHIVER,SWELL,1,120.0
3433,SHIVER,TEAR (SHRED),1,44.0
3434,SHIVER,TRY,2,79.0
3435,SHIVER,TURN,1,75.0
3436,SHIVER,TURN (SOMETHING),1,75.0
3437,SHIVER,VALLEY,1,31.0
3438,SHIVER,WALK,2,102.0
3439,SHIVER,WASH,1,122.0
3440,SHOULDER,SINK (DESCEND),1,45.0
3441,SHOULDER,SPIRIT,1,125.0
3442,SHOULDER,TEACHER,1,17.0
3443,SHOULDER,TEAR (OF EYE),1,0.0
3444,SHOULDER,THREAD,1,3.0
3445,SHOULDER,TURN (SOMETHING),2,31.0
3446,SHOULDER,WAIST,1,61.0
3447,SHOULDER,WOMAN,1,6.0
3448,SHRIEK,TEAR (SHRED),2,142.0
3449,SILVER,SOAP,1,95.0
3450,SILVER,SUMMER,1,64.0
3451,SILVER,SUN,1,136.0
3452,SILVER,SWELL,1,111.0
3453,SILVER,UNCLE,2,125.0
3454,SILVER,WEST,1,25.0
3455,SINK (BASIN),SINK (DESCEND),1,0.0
3456,SINK (DESCEND),SPIRIT,1,170.0
3457,SINK (DESCEND),SWALLOW,4,89.0
3458,SINK (DESCEND),TEAR (OF EYE),1,45.0
3459,SINK (DESCEND),THROW,1,45.0
3460,SINK (DESCEND),TURN (SOMETHING),1,14.0
3461,SINK (DESCEND),WOMAN,1,39.0
3462,SKIRT,SMOKE (EXHAUST),1,30.0
3463,SKIRT,SPLIT,1,123.0
3464,SKIRT,WOMAN,1,0.0
3465,SLAVE,SQUARE,1,136.0
3466,SLAVE,WHEAT,2,0.0
3467,SLAVE,WINDOW,1,155.0
3468,SMILE,SWELL,1,220.0
3469,SMILE,TOUCH,1,61.0
3470,SMOKE (EXHAUST),SMOKE (INHALE),33,0.0
3471,SMOKE (EXHAUST),SONG,1,14.0
3472,SMOKE (EXHAUST),STEAM,6,80.0
3473,SMOKE (EXHAUST),SWALLOW,1,80.0
3474,SMOKE (EXHAUST),SWELL,1,200.0
3475,SMOKE (EXHAUST),TEAR (OF EYE),1,36.0
3476,SMOKE (EXHAUST),THIEF,1,94.0
3477,SMOKE (EXHAUST),TOBACCO,30,138.0
3478,SMOKE (EXHAUST),VILLAGE,1,89.0
3479,SMOKE (EXHAUST),VOICE,1,47.0
3480,SMOKE (EXHAUST),WOOD,3,41.0
3481,SMOKE (EXHAUST),WOUND,1,144.0
3482,SMOKE (INHALE),TOBACCO,19,138.0
3483,SNAKE,SUN,1,108.0
3484,SNAKE,VILLAGE,3,28.0
3485,SNAKE,WALK,1,83.0
3486,SNAKE,WEATHER,1,3.0
3487,SNAKE,WOMAN,1,31.0
3488,SNAKE,WORM,32,36.0
3489,SNAKE,YEAR,1,20.0
3490,SONG,SPIRIT,1,147.0
3491,SONG,SPLIT,1,139.0
3492,SONG,TEAR (OF EYE),1,22.0
3493,SONG,THIEF,1,80.0
3494,SONG,THREAD,1,25.0
3495,SONG,VOICE,3,33.0
3496,SONG,WALK,2,36.0
3497,SONG,YEAR,1,27.0
3498,SPEECH,TEACHER,1,122.0
3499,SPEECH,VOICE,8,94.0
3500,SPIRIT,TEAR (OF EYE),1,125.0
3501,SPIRIT,TURN (SOMETHING),1,156.0
3502,SPIRIT,VOICE,1,114.0
3503,SPIRIT,WATER,1,236.0
3504,SPIRIT,WOMAN,1,131.0
3505,SPLIT,STRAIN,1,41.0
3506,SPLIT,SWEEP,3,100.0
3507,SPLIT,SWELL,1,47.0
3508,SPLIT,TEAR (OF EYE),31,117.0
3509,SPLIT,TEAR (SHRED),24,117.0
3510,SPLIT,THROW,1,117.0
3511,SPLIT,TRY,1,152.0
3512,SPLIT,TURN,1,148.0
3513,SPLIT,TURN (SOMETHING),1,148.0
3514,SPLIT,VOICE,2,106.0
3515,SPLIT,WALK,1,175.0
3516,SPLIT,WASH,2,195.0
3517,SPLIT,YEAR,1,112.0
3518,SPOON,SWIM,1,70.0
3519,SPOON,SWORD,1,156.0
3520,SPOON,THIEF,1,136.0
3521,SPOON,TOE,1,8.0
3522,SPOT,SUN,1,80.0
3523,SQUARE,YARD,1,58.0
3524,STEAM,VOICE,1,33.0
3525,STEP (VERB),WALK,14,61.0
3526,STING,STRAIN,1,161.0
3527,STING,SWEEP,1,20.0
3528,STRAIN,SUMMER,1,169.0
3529,STRAIN,SWEEP,1,141.0
3530,STRAIN,SWELL,1,6.0
3531,STRAIN,TRY,1,193.0
3532,STRAIN,TURN,1,189.0
3533,STRAIN,TURN (SOMETHING),1,189.0
3534,STRAIN,WALK,1,216.0
3535,STRAIN,WASH,1,236.0
3536,STRAIN,WIN,1,153.0
3537,STRAIN,YEAR,2,153.0
3538,STRENGTH,TOUCH,1,56.0
3539,STRENGTH,VOICE,2,50.0
3540,STRENGTH,WIN,4,56.0
3541,SUMMER,SUN,2,72.0
3542,SUMMER,VALLEY,1,86.0
3543,SUMMER,VILLAGE,1,64.0
3544,SUMMER,WASH,1,67.0
3545,SUMMER,WINE,2,150.0
3546,SUMMER,WINTER,4,17.0
3547,SUMMER,YEAR,21,16.0
3548,SUN,THUMB,2,2.0
3549,SUN,VOICE,1,94.0
3550,SUN,WEATHER,4,111.0
3551,SUN,WEST,1,161.0
3552,SUN,WOMAN,3,77.0
3553,SUN,YEAR,5,88.0
3554,SWALLOW,SWEEP,1,27.0
3555,SWALLOW,TRY,1,79.0
3556,SWALLOW,WALK,1,102.0
3557,SWALLOW,WASH,1,122.0
3558,SWALLOW,WATER,3,155.0
3559,SWEEP,SWELL,1,147.0
3560,SWEEP,SWIM,1,25.0
3561,SWEEP,TEAR (SHRED),3,17.0
3562,SWEEP,THROW,1,17.0
3563,SWEEP,TRY,3,52.0
3564,SWEEP,TURN,1,48.0
3565,SWEEP,TURN (SOMETHING),2,48.0
3566,SWEEP,WALK,3,75.0
3567,SWEEP,WASH,1,95.0
3568,SWELL,THIEF,1,106.0
3569,SWELL,TRY,1,199.0
3570,SWELL,TURN,2,195.0
3571,SWELL,TURN (SOMETHING),1,195.0
3572,SWELL,VILLAGE,1,111.0
3573,SWELL,WALK,2,222.0
3574,SWELL,WASH,2,242.0
3575,SWELL,WOMAN,1,170.0
3576,SWIM,TIDE,1,75.0
3577,SWIM,WALK,3,50.0
3578,SWIM,WASH,4,70.0
3579,SWIM,WATER,3,103.0
3580,SWIM,WOOD,1,13.0
3581,SWIM,WORM,1,3.0
3582,SWORD,VICTORY,1,69.0
3583,TEAR (OF EYE),TEAR (SHRED),5,0.0
3584,TEAR (OF EYE),THIEF,1,58.0
3585,TEAR (OF EYE),TURN (SOMETHING),1,31.0
3586,TEAR (OF EYE),WATER,3,111.0
3587,TEAR (OF EYE),WOMAN,1,6.0
3588,TEAR (SHRED),WOOD,1,5.0
3589,TEAR (SHRED),WOUND,1,108.0
3590,TENT,YARD,2,25.0
3591,THIEF,VEIL,1,92.0
3592,THREAD,VINE,2,158.0
3593,THREAD,WOOD,2,2.0
3594,THREAD,WOOL,1,20.0
3595,THREAD,WOUND,1,105.0
3596,THREAD,YEAR,1,2.0
3597,THROW,TOBACCO,2,102.0
3598,THROW,TOUCH,1,5.0
3599,THROW,WALK,1,58.0
3600,THROW,WASH,1,78.0
3601,THUMB,TOE,3,11.0
3602,THUMB,WOMAN,2,75.0
3603,TIDE,WINTER,1,95.0
3604,TIN (METAL),WATER,1,133.0
3605,TOBACCO,TOUCH,1,97.0
3606,TOBACCO,VINE,2,59.0
3607,TOBACCO,WASH,1,180.0
3608,TOBACCO,WATER,1,213.0
3609,TOE,WHEAT,1,192.0
3610,TOOL,WOOD,4,31.0
3611,TOUCH,TRY,3,40.0
3612,TOUCH,VILLAGE,1,48.0
3613,TOUCH,WALK,1,63.0
3614,TOUCH,WOOL,1,22.0
3615,TOUCH,YARD,1,39.0
3616,TRY,TURN,1,4.0
3617,TRY,TURN (SOMETHING),1,4.0
3618,TRY,WALK,2,23.0
3619,TRY,WASH,1,43.0
3620,TRY,WEATHER,1,63.0
3621,TURN,TURN (SOMETHING),3,0.0
3622,TURN,WALK,1,27.0
3623,TURN,WASH,1,47.0
3624,TURN (SOMETHING),WALK,1,27.0
3625,TURN (SOMETHING),WASH,2,47.0
3626,TURN (SOMETHING),WATER,1,80.0
3627,TURN (SOMETHING),WOMAN,1,25.0
3628,ULCER,YEAR,1,248.0
3629,UNCLE,VOICE,1,83.0
3630,UNCLE,WALK,1,14.0
3631,UNCLE,WOMAN,1,66.0
3632,UNCLE,YEAR,1,77.0
3633,VILLAGE,VOICE,1,42.0
3634,VILLAGE,WOMAN,1,59.0
3635,VILLAGE,WRONG,1,73.0
3636,VILLAGE,YARD,3,9.0
3637,VINE,WINE,1,22.0
3638,VINE,WOOD,1,156.0
3639,VOICE,WALK,1,69.0
3640,WAIST,WATER,1,172.0
3641,WAIST,WOOD,1,56.0
3642,WALK,WAR,1,108.0
3643,WALK,WASH,2,20.0
3644,WALK,YEAR,1,63.0
3645,WASH,WATER,1,33.0
3646,WASH,WEST,1,156.0
3647,WASH,WINDOW,1,45.0
3648,WATER,WINE,1,250.0
3649,WATER,WOMAN,6,105.0
3650,WATER,WORM,1,100.0
3651,WATER,YEAR,4,116.0
3652,WEATHER,YEAR,2,23.0
3653,WHEAT,WOMAN,1,128.0
3654,WHEAT,WOOD,1,117.0
3655,WIDOW,WOMAN,1,168.0
3656,WINTER,YEAR,10,33.0
3657,WOMAN,YEAR,1,11.0
3658,WOOD,YEAR,2,0.0
3659,WOOL,YEAR,1,22.0
3660,WOUND,WRONG,1,128.0
3661,WOUND,YEAR,1,103.0
